1,10,0.2,0.01,0.05
2,10.1,0.2,-0.01,0.05
3,10.3,0.2,0.01,0.05
4,10.4,0.2,0.02,0.06
5,10.6,0.2,0.02,0.01
6,10.8,0.2,0.02,0.05
7,10.9,0.2,0.02,0.05
8,11.1,0.2,0.01,0.05
9,11.2,0.2,0.02,0.05
10,11.4,0.2,0.02,0.01
11,11.6,0.2,0.01,0.07
12,11.7,0.2,0.02,0.05
13,11.9,0.2,0.01,0.05
14,12.1,0.2,0.01,0.07
15,12.3,0.2,0.02,0.07
16,12.4,0.2,0.02,0.05
17,12.6,0.2,0.02,0.11
18,12.8,0.2,0.02,0.07
19,13,0.2,0.01,0.05
20,13.2,0.2,0.02,0.07
21,13.4,0.2,0.01,0.05
22,13.6,0.2,0,0.06
23,13.8,0.2,0.01,0.12
24,14,0.2,0.01,0.11
25,14.2,0.2,0.01,0.12
26,14.4,0.2,0.02,0.05
27,14.6,0.2,0.02,0.11
28,14.8,0.2,0.01,0.12
29,15,0.2,0.01,0.11
30,15.2,0.2,0.01,0.11
31,15.5,0.2,0.02,0.1
32,15.7,0.2,0.02,0.11
33,15.9,0.2,0.01,0.12
34,16.1,0.2,0.01,0.12
35,16.4,0.2,0.01,0.12
36,16.6,0.2,0.01,0.12
37,16.9,0.2,0,0.07
38,17.1,0.2,0.02,0.12
39,17.4,0.2,0.02,0.07
40,17.6,0.2,0.02,0.11
41,17.9,0.2,0.01,0.06
42,18.1,0.2,0.03,0.08
43,18.4,0.2,0.02,0.11
44,18.7,0.2,0.02,0.11
45,18.9,0.2,0.01,0.12
46,19.2,0.2,0.02,0.12
47,19.5,0.2,0.02,0.11
48,19.8,0.2,0.02,0.06
49,20.1,0.2,0.03,0.05
50,20.4,0.2,0.02,0.11
51,20.7,0.2,0.02,0.12
52,21,0.2,0.02,0.12
53,21.3,0.2,0.03,0.07
54,21.6,0.2,0.02,0.1
55,21.9,0.2,0.02,0.11
56,22.2,0.2,0.01,0.11
57,22.5,0.2,0.03,0.11
58,22.9,0.2,0.03,0.05
59,23.2,0.2,0.03,0.12
60,23.5,0.2,0.03,0.05
61,23.9,0.2,0.02,0.05
62,24.2,0.2,0.03,0.05
63,24.6,0.2,0.02,0.12
64,24.9,0.2,0.03,0.05
65,25.3,0.2,0.03,0.08
66,25.7,0.2,0.04,0.05
67,26.1,0.2,0.03,0.05
68,26.4,0.2,0.04,0.07
69,26.8,0.2,0.04,0.11
70,27.2,0.2,0.03,0.07
71,27.6,0.2,0.03,0.1
72,28,0.2,0.04,0.07
73,28.4,0.2,0.05,0.05
74,28.8,0.2,0.05,0.05
75,29.3,0.2,0.04,0.05
76,29.7,0.2,0.04,0.05
77,30.1,0.2,0.03,0.04
78,30.6,0.2,0.04,0.04
79,31,0.2,0.05,0.04
80,31.5,0.2,0.05,0.04
81,31.9,0.2,0.04,0.02
82,32.4,0.2,0.04,0.07
83,32.9,0.2,0.06,0.07
84,33.3,0.2,0.04,0.04
85,33.8,0.2,0.05,0
86,34.3,0.2,0.05,0.04
87,34.8,0.2,0.05,0.04
88,35.3,0.2,0.06,0
89,35.9,0.2,0.05,0
90,36.4,0.2,0.06,0
91,36.9,0.2,0.04,0
92,37.4,0.2,0.05,-0.04
93,38,0.2,0.05,-0.04
94,38.5,0.2,0.06,0
95,39.1,0.2,0.05,0
96,39.7,0.2,0.06,-0.01
97,40.3,0.2,0.06,-0.01
98,40.9,0.2,0.05,-0.01
99,41.4,0.2,0.05,-0.05
100,42.1,0.2,0.06,-0.07
101,42.7,0.2,0.05,-0.05
102,43.3,0.2,0.06,-0.1
103,43.9,0.2,0.01,-0.05
104,44.6,0.2,0.02,-0.07
105,45.2,0.2,0.01,-0.1
106,45.9,0.2,0.01,-0.07
107,46.5,0.2,0.02,-0.1
108,47.2,0.2,0.01,-0.11
109,47.9,0.2,0.02,-0.11
110,48.6,0.2,0.02,-0.11
111,49.3,0.2,0.02,-0.15
112,50.1,0.2,0.01,-0.12
113,50.8,0.2,0,-0.16
114,51.5,0.2,0.01,-0.12
115,52.3,0.2,0.02,-0.17
116,53,0.2,0.01,-0.16
117,53.8,0.2,0.01,-0.18
118,54.6,0.2,0.02,-0.19
119,55.4,0.2,0.01,-0.23
120,56.2,0.2,0.01,-0.19
121,57,0.2,0.01,-0.23
122,57.9,0.2,0,-0.27
123,58.7,0.2,0.02,-0.23
124,59.6,0.2,0.02,-0.23
125,60.4,0.2,0.01,-0.27
126,61.3,0.2,0.01,-0.27
127,62.2,0.2,0.01,-0.23
128,63.1,0.2,0,-0.25
129,64.1,0.2,0.01,-0.27
130,65,0.2,0.01,-0.29
131,65.9,0.2,0.01,-0.29
132,66.9,0.2,-0.01,-0.29
133,67.9,0.2,0,-0.29
134,68.9,0.2,-0.01,-0.29
135,69.9,0.2,-0.01,-0.3
136,70.9,0.2,-0.01,-0.33
137,71.9,0.2,-0.01,-0.34
138,73,0.2,-0.02,-0.3
139,74.1,0.2,-0.02,-0.3
140,75.1,0.2,-0.01,-0.29
141,76.2,0.2,-0.01,-0.29
142,77.3,0.2,-0.01,-0.29
143,78.5,0.2,-0.02,-0.29
144,79.6,0.2,-0.01,-0.29
145,80.8,0.2,-0.01,-0.34
146,82,0.2,-0.01,-0.33
147,83.2,0.2,-0.01,-0.31
148,84.4,0.2,-0.01,-0.33
149,85.6,0.2,-0.02,-0.35
150,86.9,0.2,-0.02,-0.29
151,88.1,0.2,-0.02,-0.33
152,89.4,0.2,-0.02,-0.3
153,90.7,0.2,-0.02,-0.34
154,92.1,0.2,-0.02,-0.34
155,93.4,0.2,-0.02,-0.34
156,94.8,0.2,-0.02,-0.29
157,96.2,0.2,-0.02,-0.29
158,97.6,0.2,-0.02,-0.34
159,99,0.2,-0.03,-0.29
160,100.4,0.2,-0.02,-0.29
161,101.9,0.2,-0.04,-0.34
162,103.4,0.2,-0.03,-0.29
163,104.9,0.2,-0.03,-0.34
164,106.4,0.2,-0.02,-0.29
165,108,0.2,-0.02,-0.29
166,109.6,0.2,-0.02,-0.29
167,111.2,0.2,-0.03,-0.34
168,112.8,0.2,-0.03,-0.33
169,114.4,0.2,-0.03,-0.34
170,116.1,0.2,-0.03,-0.34
171,117.8,0.2,-0.03,-0.35
172,119.5,0.2,-0.02,-0.34
173,121.3,0.2,-0.03,-0.34
174,123,0.2,-0.03,-0.29
175,124.8,0.2,-0.03,-0.34
176,126.7,0.2,-0.03,-0.34
177,128.5,0.2,-0.02,-0.29
178,130.4,0.2,-0.02,-0.29
179,132.3,0.2,-0.03,-0.35
180,134.2,0.2,-0.02,-0.35
181,136.2,0.2,-0.02,-0.33
182,138.2,0.2,-0.02,-0.29
183,140.2,0.2,-0.02,-0.29
184,142.3,0.2,-0.03,-0.29
185,144.3,0.2,-0.04,-0.29
186,146.5,0.2,-0.03,-0.35
187,148.6,0.2,-0.03,-0.35
188,150.8,0.2,-0.03,-0.29
189,153,0.2,-0.02,-0.3
190,155.2,0.2,-0.03,-0.38
191,157.5,0.2,-0.03,-0.34
192,159.8,0.2,-0.02,-0.35
193,162.1,0.2,-0.03,-0.34
194,164.5,0.2,-0.04,-0.34
195,166.9,0.2,-0.03,-0.36
196,169.3,0.2,-0.02,-0.34
197,171.8,0.2,-0.02,-0.36
198,174.3,0.2,-0.03,-0.35
199,176.8,0.2,-0.03,-0.35
200,179.4,0.2,-0.02,-0.34
201,182.1,0.2,-0.02,-0.4
202,184.7,0.2,-0.02,-0.4
203,187.4,0.2,-0.02,-0.4
204,190.2,0.2,-0.02,-0.4
205,192.9,0.2,-0.02,-0.4
206,195.8,0.2,-0.02,-0.4
207,198.6,0.2,-0.02,-0.41
208,201.5,0.2,-0.02,-0.46
209,204.5,0.2,-0.03,-0.41
210,207.5,0.2,-0.03,-0.46
211,210.5,0.2,-0.02,-0.46
212,213.6,0.2,-0.03,-0.44
213,216.7,0.2,-0.02,-0.46
214,219.8,0.2,-0.02,-0.44
215,223.1,0.2,-0.02,-0.46
216,226.3,0.2,-0.02,-0.46
217,229.6,0.2,-0.02,-0.46
218,233,0.2,-0.03,-0.46
219,236.4,0.2,-0.03,-0.46
220,239.8,0.2,-0.02,-0.46
221,243.3,0.2,-0.03,-0.52
222,246.9,0.2,-0.02,-0.52
223,250.5,0.2,-0.03,-0.48
224,254.2,0.2,-0.03,-0.5
225,257.9,0.2,-0.02,-0.52
226,261.7,0.2,-0.02,-0.51
227,265.5,0.2,-0.03,-0.51
228,269.4,0.2,-0.02,-0.52
229,273.3,0.2,-0.02,-0.53
230,277.3,0.2,-0.02,-0.57
231,281.3,0.2,-0.02,-0.57
232,285.5,0.2,-0.03,-0.57
233,289.6,0.2,-0.03,-0.57
234,293.9,0.2,-0.01,-0.57
235,298.2,0.2,-0.03,-0.63
236,302.5,0.2,-0.02,-0.63
237,306.9,0.2,-0.02,-0.63
238,311.4,0.2,-0.02,-0.63
239,316,0.2,-0.02,-0.63
240,320.6,0.2,-0.02,-0.67
241,325.3,0.2,-0.02,-0.63
242,330,0.2,-0.02,-0.68
243,334.8,0.2,-0.03,-0.64
244,339.7,0.2,-0.03,-0.67
245,344.7,0.2,-0.03,-0.69
246,349.7,0.2,-0.03,-0.69
247,354.9,0.2,-0.03,-0.68
248,360,0.2,-0.02,-0.7
249,365.3,0.2,-0.02,-0.74
250,370.6,0.2,-0.02,-0.74
251,376.1,0.2,-0.02,-0.75
252,381.6,0.2,-0.03,-0.79
253,387.1,0.2,-0.03,-0.79
254,392.8,0.2,-0.03,-0.8
255,398.5,0.2,-0.02,-0.8
256,404.4,0.2,-0.02,-0.82
257,410.3,0.2,-0.02,-0.86
258,416.3,0.2,-0.03,-0.86
259,422.3,0.2,-0.03,-0.86
260,428.5,0.2,-0.02,-0.86
261,434.8,0.2,-0.02,-0.86
262,441.1,0.2,-0.02,-0.9
263,447.6,0.2,-0.02,-0.92
264,454.1,0.2,-0.02,-0.92
265,460.8,0.2,-0.02,-0.91
266,467.5,0.2,-0.02,-0.91
267,474.3,0.2,-0.02,-0.97
268,481.3,0.2,-0.01,-0.98
269,488.3,0.2,-0.03,-1.03
270,495.4,0.2,-0.02,-1.02
271,502.7,0.2,-0.03,-1.02
272,510,0.2,-0.03,-1.03
273,517.5,0.2,-0.03,-1.03
274,525,0.2,-0.03,-1.09
275,532.7,0.2,-0.03,-1.09
276,540.5,0.2,-0.03,-1.09
277,548.4,0.2,-0.03,-1.09
278,556.4,0.2,-0.02,-1.1
279,564.5,0.2,-0.02,-1.13
280,572.8,0.2,-0.02,-1.2
281,581.2,0.2,-0.02,-1.14
282,589.6,0.2,-0.02,-1.2
283,598.3,0.2,-0.02,-1.2
284,607,0.2,-0.02,-1.24
285,615.9,0.2,-0.02,-1.26
286,624.9,0.2,-0.02,-1.32
287,634,0.2,-0.02,-1.32
288,643.3,0.2,-0.03,-1.3
289,652.7,0.2,-0.03,-1.32
290,662.2,0.2,-0.03,-1.37
291,671.9,0.2,-0.03,-1.38
292,681.7,0.2,-0.03,-1.37
293,691.7,0.2,-0.03,-1.43
294,701.8,0.2,-0.03,-1.43
295,712,0.2,-0.03,-1.47
296,722.4,0.2,-0.03,-1.45
297,733,0.2,-0.01,-1.49
298,743.7,0.2,-0.01,-1.48
299,754.6,0.2,-0.03,-1.55
300,765.6,0.2,-0.01,-1.55
301,776.8,0.2,-0.01,-1.61
302,788.2,0.2,-0.01,-1.6
303,799.7,0.2,-0.01,-1.6
304,811.4,0.2,-0.01,-1.66
305,823.2,0.2,-0.03,-1.66
306,835.2,0.2,-0.01,-1.71
307,847.5,0.2,-0.01,-1.72
308,859.8,0.2,-0.01,-1.78
309,872.4,0.2,-0.01,-1.77
310,885.2,0.2,-0.01,-1.78
311,898.1,0.2,-0.01,-1.79
312,911.2,0.2,-0.01,-1.83
313,924.5,0.2,-0.01,-1.89
314,938,0.2,-0.01,-1.89
315,951.8,0.2,-0.01,-1.93
316,965.7,0.2,-0.01,-1.98
317,979.8,0.2,-0.01,-2.01
318,994.1,0.2,-0.01,-2
319,1008.6,0.2,-0.02,-2.07
320,1023.4,0.2,-0.02,-2.1
321,1038.3,0.2,-0.01,-2.12
322,1053.5,0.2,-0.02,-2.14
323,1068.9,0.2,-0.01,-2.18
324,1084.5,0.2,-0.01,-2.22
325,1100.4,0.2,-0.01,-2.23
326,1116.4,0.2,-0.01,-2.29
327,1132.8,0.2,-0.01,-2.29
328,1149.3,0.2,-0.01,-2.35
329,1166.1,0.2,-0.02,-2.41
330,1183.1,0.2,-0.02,-2.41
331,1200.4,0.2,-0.01,-2.45
332,1218,0.2,-0.02,-2.46
333,1235.8,0.2,-0.02,-2.52
334,1253.8,0.2,-0.02,-2.57
335,1272.2,0.2,-0.02,-2.58
336,1290.8,0.2,-0.02,-2.64
337,1309.6,0.2,-0.02,-2.69
338,1328.8,0.2,-0.02,-2.69
339,1348.2,0.2,-0.02,-2.75
340,1367.9,0.2,-0.01,-2.8
341,1387.9,0.2,-0.02,-2.85
342,1408.2,0.2,-0.02,-2.87
343,1428.7,0.2,-0.02,-2.92
344,1449.6,0.2,-0.03,-2.92
345,1470.8,0.2,-0.02,-2.98
346,1492.3,0.2,-0.02,-3.02
347,1514.1,0.2,-0.02,-3.08
348,1536.2,0.2,-0.02,-3.1
349,1558.7,0.2,-0.02,-3.15
350,1581.5,0.2,-0.02,-3.17
351,1604.6,0.2,-0.02,-3.25
352,1628,0.2,-0.02,-3.31
353,1651.8,0.2,-0.02,-3.38
354,1676,0.2,-0.02,-3.42
355,1700.5,0.2,-0.03,-3.44
356,1725.3,0.2,-0.03,-3.48
357,1750.5,0.2,-0.02,-3.56
358,1776.1,0.2,-0.03,-3.6
359,1802.1,0.2,-0.02,-3.67
360,1828.4,0.2,-0.02,-3.71
361,1855.1,0.2,-0.03,-3.72
362,1882.2,0.2,-0.03,-3.84
363,1909.7,0.2,-0.02,-3.89
364,1937.6,0.2,-0.03,-3.9
365,1966,0.2,-0.02,-4
366,1994.7,0.2,-0.03,-4.05
367,2023.8,0.2,-0.03,-4.13
368,2053.4,0.2,-0.02,-4.19
369,2083.4,0.2,-0.02,-4.24
370,2113.9,0.2,-0.03,-4.28
371,2144.8,0.2,-0.03,-4.35
372,2176.1,0.2,-0.03,-4.41
373,2207.9,0.2,-0.02,-4.47
374,2240.2,0.2,-0.02,-4.53
375,2272.9,0.2,-0.01,-4.65
376,2306.1,0.2,-0.02,-4.65
377,2339.8,0.2,-0.02,-4.73
378,2374,0.2,-0.02,-4.81
379,2408.7,0.2,-0.02,-4.92
380,2443.9,0.2,-0.02,-4.99
381,2479.7,0.2,-0.03,-5.02
382,2515.9,0.2,-0.02,-5.14
383,2552.7,0.2,-0.02,-5.16
384,2590,0.2,-0.03,-5.23
385,2627.8,0.2,-0.03,-5.33
386,2666.2,0.2,-0.03,-5.38
387,2705.2,0.2,-0.02,-5.49
388,2744.7,0.2,-0.03,-5.56
389,2784.8,0.2,-0.03,-5.62
390,2825.5,0.2,-0.02,-5.73
391,2866.8,0.2,-0.03,-5.83
392,2908.7,0.2,-0.03,-5.9
393,2951.2,0.2,-0.03,-6
394,2994.4,0.2,-0.02,-6.06
395,3038.1,0.2,-0.03,-6.13
396,3082.5,0.2,-0.03,-6.24
397,3127.6,0.2,-0.03,-6.34
398,3173.3,0.2,-0.03,-6.42
399,3219.7,0.2,-0.03,-6.52
400,3266.7,0.2,-0.03,-6.62
401,3314.5,0.2,-0.04,-6.71
402,3362.9,0.2,-0.03,-6.82
403,3412,0.2,-0.03,-6.92
404,3461.9,0.2,-0.03,-7.03
405,3512.5,0.2,-0.04,-7.1
406,3563.8,0.2,-0.03,-7.2
407,3615.9,0.2,-0.03,-7.32
408,3668.8,0.2,-0.03,-7.43
409,3722.4,0.2,-0.03,-7.51
410,3776.8,0.2,-0.04,-7.62
411,3832,0.2,-0.04,-7.73
412,3888,0.2,-0.03,-7.86
413,3944.8,0.2,-0.03,-7.97
414,4002.4,0.2,-0.04,-8.14
415,4060.9,0.2,-0.04,-8.24
416,4120.3,0.2,-0.04,-8.35
417,4180.5,0.2,-0.04,-8.48
418,4241.6,0.2,-0.04,-8.6
419,4303.6,0.2,-0.04,-8.69
420,4366.5,0.2,-0.04,-8.87
421,4430.3,0.2,-0.04,-8.93
422,4495,0.2,-0.03,-9.09
423,4560.7,0.2,-0.04,-9.21
424,4627.4,0.2,-0.04,-9.39
425,4695,0.2,-0.04,-9.47
426,4763.6,0.2,-0.04,-9.67
427,4833.2,0.2,-0.04,-9.8
428,4903.9,0.2,-0.04,-9.91
429,4975.5,0.2,-0.04,-10.07
430,5048.3,0.2,-0.04,-10.2
431,5122,0.2,-0.05,-10.41
432,5196.9,0.2,-0.04,-10.52
433,5272.8,0.2,-0.05,-10.7
434,5349.9,0.2,-0.05,-10.87
435,5428.1,0.2,-0.04,-10.98
436,5507.4,0.2,-0.05,-11.17
437,5587.9,0.2,-0.04,-11.33
438,5669.6,0.2,-0.05,-11.48
439,5752.4,0.2,-0.06,-11.67
440,5836.5,0.2,-0.05,-11.78
441,5921.8,0.2,-0.06,-11.98
442,6008.3,0.2,-0.04,-12.13
443,6096.1,0.2,-0.06,-12.3
444,6185.2,0.2,-0.04,-12.53
445,6275.6,0.2,-0.06,-12.72
446,6367.3,0.2,-0.07,-12.92
447,6460.4,0.2,-0.07,-13.06
448,6554.8,0.2,-0.07,-13.28
449,6650.6,0.2,-0.07,-13.45
450,6747.8,0.2,-0.08,-13.68
451,6846.4,0.2,-0.07,-13.81
452,6946.5,0.2,-0.07,-14.04
453,7048,0.2,-0.08,-14.26
454,7151,0.2,-0.07,-14.44
455,7255.5,0.2,-0.07,-14.72
456,7361.5,0.2,-0.08,-14.88
457,7469.1,0.2,-0.08,-15.11
458,7578.3,0.2,-0.08,-15.3
459,7689,0.2,-0.08,-15.54
460,7801.4,0.2,-0.08,-15.8
461,7915.4,0.2,-0.08,-16.03
462,8031.1,0.2,-0.08,-16.22
463,8148.5,0.2,-0.09,-16.48
464,8267.6,0.2,-0.08,-16.76
465,8388.4,0.2,-0.09,-17
466,8511,0.2,-0.09,-17.23
467,8635.4,0.2,-0.09,-17.46
468,8761.6,0.2,-0.09,-17.75
469,8889.6,0.2,-0.09,-17.98
470,9019.5,0.2,-0.09,-18.26
471,9151.3,0.2,-0.1,-18.5
472,9285.1,0.2,-0.12,-18.77
473,9420.8,0.2,-0.11,-19.02
474,9558.4,0.2,-0.12,-19.35
475,9698.1,0.2,-0.11,-19.64
476,9839.9,0.2,-0.12,-19.86
477,9983.7,0.2,-0.13,-20.21
478,10129.6,0.2,-0.12,-20.5
479,10277.6,0.2,-0.13,-20.85
480,10427.8,0.2,-0.14,-21.13
481,10580.2,0.2,-0.14,-21.35
482,10734.8,0.2,-0.13,-21.7
483,10891.7,0.2,-0.15,-22.04
484,11050.9,0.2,-0.16,-22.35
485,11212.4,0.2,-0.15,-22.67
486,11376.3,0.2,-0.15,-23.02
487,11542.5,0.2,-0.16,-23.36
488,11711.2,0.2,-0.16,-23.7
489,11882.4,0.2,-0.17,-24.05
490,12056,0.2,-0.17,-24.39
491,12232.2,0.2,-0.17,-24.72
492,12411,0.2,-0.18,-25.09
493,12592.3,0.2,-0.18,-25.48
494,12776.4,0.2,-0.2,-25.83
495,12963.1,0.2,-0.19,-26.17
496,13152.5,0.2,-0.21,-26.57
497,13344.8,0.2,-0.21,-26.97
498,13539.8,0.2,-0.22,-27.33
499,13737.7,0.2,-0.22,-27.77
500,13938.4,0.2,-0.22,-28.18
501,14142.1,0.2,-0.23,-28.58
502,14348.8,0.2,-0.24,-28.98
503,14558.5,0.2,-0.26,-29.4
504,14771.3,0.2,-0.26,-29.84
505,14987.2,0.2,-0.27,-30.28
506,15206.2,0.2,-0.28,-30.76
507,15428.4,0.2,-0.28,-31.15
508,15653.9,0.2,-0.28,-31.66
509,15882.7,0.2,-0.28,-32.07
510,16114.8,0.2,-0.3,-32.54
511,16350.3,0.2,-0.32,-33.04
512,16589.2,0.2,-0.31,-33.54
513,16831.7,0.2,-0.33,-34.02
514,17077.7,0.2,-0.34,-34.52
515,17327.2,0.2,-0.36,-35
516,17580.5,0.2,-0.36,-35.51
517,17837.4,0.2,-0.37,-36.02
518,18098.1,0.2,-0.38,-36.6
519,18362.6,0.2,-0.38,-37.11
520,18630.9,0.2,-0.41,-37.66
521,18903.2,0.2,-0.41,-38.14
522,19179.5,0.2,-0.41,-38.78
523,19459.8,0.2,-0.43,-39.33
524,19744.2,0.2,-0.45,-39.91
525,20032.7,0.2,-0.46,-40.45
526,20325.5,0.2,-0.47,-41.12
527,20622.5,0.2,-0.49,-41.69
528,20923.9,0.2,-0.5,-42.26
529,21229.7,0.2,-0.51,-42.9
530,21540,0.2,-0.52,-43.52
531,21854.8,0.2,-0.54,-44.16
532,22174.1,0.2,-0.56,-44.85
533,22498.2,0.2,-0.57,-45.48
534,22827,0.2,-0.6,-46.23
535,23160.6,0.2,-0.62,-46.88
536,23499.1,0.2,-0.63,-47.56
537,23842.5,0.2,-0.63,-48.24
538,24191,0.2,-0.66,-48.98
539,24544.5,0.2,-0.68,-49.67
540,24903.2,0.2,-0.69,-50.41
541,25267.1,0.2,-0.71,-51.12
542,25636.4,0.2,-0.74,-51.85
543,26011.1,0.2,-0.76,-52.59
544,26391.2,0.2,-0.79,-53.4
545,26776.9,0.2,-0.82,-54.14
546,27168.2,0.2,-0.82,-54.95
547,27565.3,0.2,-0.85,-55.75
548,27968.1,0.2,-0.88,-56.54
549,28376.9,0.2,-0.91,-57.39
550,28791.6,0.2,-0.94,-58.24
551,29212.4,0.2,-0.97,-59.09
552,29639.3,0.2,-0.99,-60.01
553,30072.4,0.2,-1.03,-60.85
554,30511.9,0.2,-1.06,-61.73
555,30957.8,0.2,-1.09,-62.64
556,31410.3,0.2,-1.13,-63.49
557,31869.3,0.2,-1.16,-64.46
558,32335.1,0.2,-1.2,-65.44
559,32807.6,0.2,-1.24,-66.36
560,33287.1,0.2,-1.28,-67.33
561,33773.6,0.2,-1.31,-68.32
562,34267.1,0.2,-1.35,-69.3
563,34767.9,0.2,-1.4,-70.32
564,35276,0.2,-1.44,-71.3
565,35791.6,0.2,-1.49,-72.39
566,36314.7,0.2,-1.54,-73.36
567,36845.4,0.2,-1.58,-74.49
568,37383.8,0.2,-1.63,-75.54
569,37930.2,0.2,-1.68,-76.68
570,38484.5,0.2,-1.74,-77.71
571,39046.9,0.2,-1.79,-78.86
572,39617.6,0.2,-1.84,-80.01
573,40196.6,0.2,-1.9,-81.11
574,40784,0.2,-1.97,-82.29
575,41380.1,0.2,-2.04,-83.46
576,41984.8,0.2,-2.09,-84.64
577,42598.4,0.2,-2.16,-85.91
578,43220.9,0.2,-2.24,-87.07
579,43852.6,0.2,-2.3,-88.31
580,44493.5,0.2,-2.38,-89.58
581,45143.7,0.2,-2.46,-90.83
582,45803.5,0.2,-2.54,-92.1
583,46472.9,0.2,-2.62,-93.39
584,47152,0.2,-2.7,-94.69
585,47841.1,0.2,-2.78,-96.04
586,48540.3,0.2,-2.88,-97.38
587,49249.7,0.2,-2.97,-98.69
588,49969.5,0.2,-3.07,-100.06
589,50699.7,0.2,-3.17,-101.38
590,51440.7,0.2,-3.26,-102.82
591,52192.5,0.2,-3.38,-104.24
592,52955.2,0.2,-3.48,-105.58
593,53729.1,0.2,-3.59,-107.01
594,54514.3,0.2,-3.71,-108.49
595,55311,0.2,-3.82,-109.93
596,56119.4,0.2,-3.94,-111.37
597,56939.5,0.2,-4.06,-112.85
598,57771.7,0.2,-4.19,-114.33
599,58616,0.2,-4.32,-115.83
600,59472.6,0.2,-4.46,-117.31
601,60341.8,0.2,-4.6,-118.81
602,61223.6,0.2,-4.74,-120.31
603,62118.4,0.2,-4.88,-121.82
604,63026.2,0.2,-5.05,-123.33
605,63947.3,0.2,-5.2,-124.88
606,64881.8,0.2,-5.35,-126.39
607,65830,0.2,-5.51,-127.98
608,66792.1,0.2,-5.69,-129.48
609,67768.2,0.2,-5.86,-131.01
610,68758.6,0.2,-6.04,-132.62
611,69763.5,0.2,-6.22,-134.12
612,70783.1,0.2,-6.4,-135.69
613,71817.5,0.2,-6.6,-137.21
614,72867.1,0.2,-6.79,-138.83
615,73932,0.2,-6.99,-140.34
616,75012.5,0.2,-7.18,-141.91
617,76108.7,0.2,-7.39,-143.46
618,77221,0.2,-7.59,-145.01
619,78349.6,0.2,-7.84,-146.62
620,79494.6,0.2,-8.06,-148.15
621,80656.4,0.2,-8.27,-149.74
622,81835.1,0.2,-8.5,-151.25
623,83031.1,0.2,-8.74,-152.78
624,84244.5,0.2,-8.98,-154.3
625,85475.7,0.2,-9.21,-155.82
626,86724.9,0.2,-9.44,-157.37
627,87992.3,0.2,-9.69,-158.81
628,89278.3,0.2,-9.95,-160.42
629,90583,0.2,-10.18,-161.91
630,91906.8,0.2,-10.43,-163.39
631,93250,0.2,-10.68,-164.82
632,94612.8,0.2,-10.94,-166.37
633,95995.5,0.2,-11.22,-167.82
634,97398.4,0.2,-11.5,-169.25
635,98821.9,0.2,-11.73,189.41
636,100266.1,0.2,-12,187.97
637,101731.4,0.2,-12.27,186.51
638,103218.2,0.2,-12.55,185.1
639,104726.6,0.2,-12.84,183.66
640,106257.2,0.2,-13.14,182.19
641,107810,0.2,-13.42,180.86
642,109385.6,0.2,-13.71,179.43
643,110984.2,0.2,-14.01,178.11
644,112606.2,0.2,-14.3,176.65
645,114251.9,0.2,-14.62,175.35
646,115921.6,0.2,-14.89,174
647,117615.7,0.2,-15.21,172.68
648,119334.6,0.2,-15.52,171.35
649,121078.6,0.2,-15.87,169.96
650,122848.1,0.2,-16.17,168.66
651,124643.5,0.2,-16.49,167.37
652,126465.1,0.2,-16.8,166.03
653,128313.3,0.2,-17.12,164.72
654,130188.5,0.2,-17.46,163.46
655,132091.1,0.2,-17.76,162.25
656,134021.6,0.2,-18.1,161
657,135980.2,0.2,-18.41,159.79
658,137967.5,0.2,-18.75,158.48
659,139983.8,0.2,-19.09,157.37
660,142029.6,0.2,-19.41,156.11
661,144105.2,0.2,-19.74,154.81
662,146211.3,0.2,-20.06,153.6
663,148348.1,0.2,-20.38,152.44
664,150516.1,0.2,-20.72,151.24
665,152715.8,0.2,-21.07,149.97
666,154947.6,0.2,-21.41,148.85
667,157212.1,0.2,-21.75,147.65
668,159509.7,0.2,-22.11,146.44
669,161840.8,0.2,-22.47,145.29
670,164206,0.2,-22.79,144.09
671,166605.8,0.2,-23.16,142.93
672,169040.6,0.2,-23.51,141.73
673,171511.1,0.2,-23.86,140.57
674,174017.6,0.2,-24.21,139.47
675,176560.8,0.2,-24.54,138.3
676,179141.1,0.2,-24.9,137.12
677,181759.1,0.2,-25.24,136
678,184415.5,0.2,-25.59,134.87
679,187110.6,0.2,-25.96,133.66
680,189845.1,0.2,-26.33,132.34
681,192619.6,0.2,-26.67,131.14
682,195434.6,0.2,-27.04,130.11
683,198290.8,0.2,-27.41,128.96
684,201188.7,0.2,-27.77,127.53
685,204128.9,0.2,-28.13,126.48
686,207112.1,0.2,-28.48,125.3
687,210139,0.2,-28.92,124.13
688,213210,0.2,-29.29,122.93
689,216326,0.2,-29.65,121.38
690,219487.4,0.2,-30.02,120.35
691,222695.1,0.2,-30.4,119.12
692,225949.7,0.2,-30.73,117.83
693,229251.8,0.2,-31.13,116.79
694,232602.2,0.2,-31.48,115.21
695,236001.5,0.2,-31.86,114.21
696,239450.6,0.2,-32.23,112.71
697,242950,0.2,-32.6,111.27
698,246500.6,0.2,-32.95,110.2
699,250103,0.2,-33.34,108.89
700,253758.1,0.2,-33.63,107.34
701,257466.7,0.2,-34.03,106.08
702,261229.4,0.2,-34.43,104.68
703,265047.1,0.2,-34.76,103.12
704,268920.6,0.2,-35.14,101.23
705,272850.7,0.2,-35.5,100.28
706,276838.3,0.2,-35.88,98.55
707,280884.1,0.2,-36.22,96.91
708,284989.1,0.2,-36.51,95.47
709,289154,0.2,-36.83,93.48
710,293379.8,0.2,-37.26,92.43
711,297667.4,0.2,-37.64,90.6
712,302017.7,0.2,-37.9,88.78
713,306431.5,0.2,-38.25,87.5
714,310909.8,0.2,-38.61,84.65
715,315453.5,0.2,-38.97,83.65
716,320063.7,0.2,-39.29,81.7
717,324741.3,0.2,-39.53,80.47
718,329487.2,0.2,-39.85,77.82
719,334302.4,0.2,-40.17,75.02
720,339188.1,0.2,-40.36,73.85
721,344145.1,0.2,-40.75,71.69
722,349174.6,0.2,-40.96,70.4
723,354277.6,0.2,-41.32,67.51
724,359455.1,0.2,-41.5,65.88
725,364708.4,0.2,-41.72,63.63
726,370038.4,0.2,-41.86,60.99
727,375446.3,0.2,-42.16,59.41
728,380933.2,0.2,-42.49,57.89
729,386500.3,0.2,-42.69,55.26
730,392148.8,0.2,-43.08,54.14
731,397879.8,0.2,-42.94,50.83
732,403694.6,0.2,-43.17,49.13
733,409594.3,0.2,-43.52,47.57
734,415580.3,0.2,-43.5,45.49
735,421653.8,0.2,-43.79,42.7
736,427816,0.2,-43.63,41.31
737,434068.3,0.2,-44.17,39.47
738,440412,0.2,-44.07,37
739,446848.3,0.2,-43.94,33.87
740,453378.8,0.2,-44.16,34.49
741,460004.6,0.2,-44.28,33.07
742,466727.3,0.2,-44.64,29.35
743,473548.3,0.2,-44.48,27.51
744,480468.9,0.2,-44.6,25.9
745,487490.7,0.2,-44.51,24.08
746,494615.1,0.2,-44.66,21.72
747,501843.6,0.2,-45.02,21.97
748,509177.7,0.2,-44.9,18.62
749,516619.1,0.2,-45.08,15.65
750,524169.2,0.2,-45.05,18.51
751,531829.6,0.2,-44.86,14.39
752,539602,0.2,-45.04,13.38
753,547487.9,0.2,-45.31,11.41
754,555489.2,0.2,-45.11,11.57
755,563607.3,0.2,-45.08,5.96
756,571844.1,0.2,-45.62,6.33
757,580201.3,0.2,-45.28,9.21
758,588680.6,0.2,-44.85,4.59
759,597283.8,0.2,-45.9,3.03
760,606012.8,0.2,-45.23,4.36
761,614869.3,0.2,-45.52,3.12
762,623855.2,0.2,-45.57,1.59
763,632972.5,0.2,-45.39,1.18
764,642223,0.2,-45.86,-3.06
765,651608.8,0.2,-45.45,-3.35
766,661131.6,0.2,-44.94,-4.93
767,670793.7,0.2,-45.17,-6.22
768,680597,0.2,-45.22,-3.79
769,690543.5,0.2,-45.81,-8.96
770,700635.4,0.2,-45.34,-6.48
771,710874.8,0.2,-45.4,-7.02
772,721263.8,0.2,-45.67,-12.79
773,731804.6,0.2,-45.01,-10.62
774,742499.5,0.2,-45.63,-11.91
775,753350.7,0.2,-45.45,-12.43
776,764360.5,0.2,-45.9,-14.03
777,775531.2,0.2,-45.19,-15
778,786865.1,0.2,-45.47,-14.82
779,798364.7,0.2,-45.45,-13.19
780,810032.4,0.2,-45.61,-17.23
781,821870.5,0.2,-45.88,-18.64
782,833881.7,0.2,-45.92,-18.45
783,846068.4,0.2,-45.19,-16.19
784,858433.2,0.2,-46.12,-16.07
785,870978.7,0.2,-46.43,-19.2
786,883707.5,0.2,-46.07,-21.78
787,896622.4,0.2,-45.47,-29.44
788,909726,0.2,-44.73,-22.31
789,923021.1,0.2,-45.31,-26.37
790,936510.5,0.2,-45.96,-23.24
791,950197.1,0.2,-45.51,-24.29
792,964083.7,0.2,-45.88,-25.85
793,978173.2,0.2,-46.23,-31.43
794,992468.6,0.2,-46.39,-32.09
795,1006973,0.2,-46.25,-26.16
796,1021689.3,0.2,-45.81,-26.14
797,1036620.7,0.2,-46.1,-37.16
798,1051770.3,0.2,-46.17,-35.94
799,1067141.3,0.2,-45.66,-31.25
800,1082737,0.2,-45.57,-30.28
801,1098560.5,0.2,-44.94,-36.16
802,1114615.4,0.2,-46.69,-24.28
803,1130904.8,0.2,-45.95,-33.99
804,1147432.3,0.2,-46.31,-41.01
805,1164201.4,0.2,-45.6,-39.07
806,1181215.5,0.2,-46.54,-45.38
807,1198478.3,0.2,-45.34,-42.29
808,1215993.4,0.2,-45.21,-35.77
809,1233764.4,0.2,-45.72,-40.98
810,1251795.2,0.2,-46.44,-46.09
811,1270089.4,0.2,-45.41,-46.13
812,1288651,0.2,-45.07,-46
813,1307483.9,0.2,-45.34,-44.59
814,1326592,0.2,-45.23,-46.95
815,1345979.4,0.2,-45.72,-48.54
816,1365650.1,0.2,-45.14,-44.27
817,1385608.3,0.2,-46.36,-47.4
818,1405858.2,0.2,-46.22,-55.21
819,1426404,0.2,-45.12,-53.64
820,1447250,0.2,-45.32,-60.66
821,1468400.7,0.2,-46.09,-67.65
822,1489860.6,0.2,-45.97,-59.14
823,1511634,0.2,-45.97,-62.24
824,1533725.7,0.2,-47.01,-59.17
825,1556140.2,0.2,-46.22,-58.46
826,1578882.3,0.2,-45.21,-51.21
827,1601956.7,0.2,-46.61,-66.41
828,1625368.4,0.2,-46.76,-89.96
829,1649122.2,0.2,-46.03,-72.03
830,1673223.2,0.2,-46.86,-69.5
831,1697676.3,0.2,-46.41,-62.08
832,1722486.9,0.2,-48.01,-61.67
833,1747660,0.2,-45.9,-67.13
834,1773201.1,0.2,-47.09,-76.25
835,1799115.4,0.2,-45.54,-63.94
836,1825408.4,0.2,-46.72,-84.51
837,1852085.7,0.2,-45.19,-81.06
838,1879152.8,0.2,-46.01,-75.66
839,1906615.6,0.2,-48.33,-77.74
840,1934479.7,0.2,-45.7,-82.29
841,1962751,0.2,-46.5,-84.39
842,1991435.4,0.2,-46.16,-89.75
843,2020539.1,0.2,-47.49,-94.53
844,2050068.1,0.2,-46.87,-102.47
845,2080028.6,0.2,-47.76,-91.19
846,2110427.1,0.2,-47,-109.01
847,2141269.7,0.2,-47.75,-98.29
848,2172563.1,0.2,-52.08,-101.36
849,2204313.9,0.2,-47.91,-90.03
850,2236528.7,0.2,-47.87,-111.79
851,2269214.2,0.2,-47.62,-123.95
852,2302377.5,0.2,-47.68,-111.01
853,2336025.4,0.2,-47.53,-127.88
854,2370165,0.2,-49.38,-143.82
855,2404803.6,0.2,-46.56,-107.69
856,2439948.4,0.2,-50.34,-120.67
857,2475606.9,0.2,-48.57,-151.74
858,2511786.4,0.2,-48.92,-127.68
859,2548494.7,0.2,-58.67,-149.45
860,2585739.5,0.2,-46.01,-142.99
861,2623528.6,0.2,-49.17,-141.62
862,2661869.9,0.2,-47.54,177.66
863,2700771.6,0.2,-49.48,180.85
864,2740241.8,0.2,-51.39,-146.02
865,2780288.8,0.2,-51.42,-163.97
866,2820921.1,0.2,-47.61,185.15
867,2862147.3,0.2,-50.63,171.29
868,2903975.9,0.2,-52.01,-159.73
869,2946415.8,0.2,-48.67,150.79
870,2989476,0.2,-48.34,150.75
871,3033165.4,0.2,-48.06,176.28
872,3077493.4,0.2,-51.13,150.81
873,3122469.1,0.2,-50.15,115.77
874,3168102.2,0.2,-57.5,175.73
875,3214402.2,0.2,-55.47,139.53
876,3261378.8,0.2,-51.42,-158.06
877,3309042,0.2,-49.22,123.85
878,3357401.7,0.2,-52.27,151.46
879,3406468.2,0.2,-50.1,139.03
880,3456251.7,0.2,-50.27,139.19
881,3506762.8,0.2,-49.33,128.37
882,3558012.1,0.2,-52.17,116.98
883,3610010.4,0.2,-53.94,102.25
884,3662768.6,0.2,-46.46,96.66
885,3716297.9,0.2,-55.83,81.01
886,3770609.4,0.2,-47.42,97.79
887,3825714.7,0.2,-53.4,83.27
888,3881625.3,0.2,-48.22,90.14
889,3938353,0.2,-51.15,76.9
890,3995909.7,0.2,-50.07,71.08
891,4054307.6,0.2,-48.6,54.98
892,4113559,0.2,-49.15,60.98
893,4173676.2,0.2,-49.24,63.31
894,4234672.1,0.2,-47.68,52.09
895,4296559.4,0.2,-50.16,79.77
896,4359351.1,0.2,-49.97,73.08
897,4423060.5,0.2,-59.77,14.53
898,4487700.9,0.2,-51.58,53.94
899,4553286.1,0.2,-50.97,46.14
900,4619829.7,0.2,-49.83,52.24
901,4687345.8,0.2,-52,43.59
902,4755848.7,0.2,-53.89,80.22
903,4825352.6,0.2,-52.2,68.79
904,4895872.4,0.2,-53.16,28.48
905,4967422.7,0.2,-49.79,42.09
906,5040018.7,0.2,-51.98,38.42
907,5113675.6,0.2,-53.56,35.48
908,5188409,0.2,-53.14,33.7
909,5264234.6,0.2,-53.27,18.54
910,5341168.3,0.2,-51.72,33.29
911,5419226.4,0.2,-50.99,28.61
912,5498425.3,0.2,-51.03,28.56
913,5578781.6,0.2,-51.29,28.24
914,5660312.2,0.2,-51.06,35.97
915,5743034.4,0.2,-51.92,22.93
916,5826965.5,0.2,-52.37,29.3
917,5912123.2,0.2,-53.76,29.72
918,5998525.5,0.2,-53.25,23.26
919,6086190.4,0.2,-54.03,29.07
920,6175136.6,0.2,-52.94,4.44
921,6265382.6,0.2,-52.81,27.63
922,6356947.5,0.2,-52.81,17.98
923,6449850.6,0.2,-54.91,38.41
924,6544111.4,0.2,-54.4,12.66
925,6639749.8,0.2,-52.71,13.61
926,6736785.9,0.2,-54.82,23.3
927,6835240.1,0.2,-53.15,17.53
928,6935133.2,0.2,-53.77,20.69
929,7036486.1,0.2,-54.88,3.3
930,7139320.3,0.2,-55.27,28.38
931,7243657.3,0.2,-53.12,18.5
932,7349519.2,0.2,-53.46,18.27
933,7456928.1,0.2,-54.77,-2.8
934,7565906.8,0.2,-53.84,13.88
935,7676478.1,0.2,-51.82,12.05
936,7788665.4,0.2,-54.23,-2.19
937,7902492.2,0.2,-56.72,2.73
938,8017982.5,0.2,-53.44,0.99
939,8135160.7,0.2,-55.7,23.07
940,8254051.3,0.2,-54.27,13.04
941,8374679.5,0.2,-53.06,20.07
942,8497070.6,0.2,-55.33,4.56
943,8621250.3,0.2,-53.03,11.1
944,8747244.9,0.2,-53.33,9.58
945,8875080.8,0.2,-54.2,8.34
946,9004785,0.2,-53.81,14.22
947,9136384.7,0.2,-54.54,17.26
948,9269907.6,0.2,-54.92,17.31
949,9405381.9,0.2,-55.16,22.74
950,9542836.1,0.2,-54.9,17.82
951,9682299.1,0.2,-54.07,17.3
952,9823800.3,0.2,-54.62,8.3
953,9967369.4,0.2,-54.05,9.81
954,10113036.8,0.2,-55.13,20.27
955,10260832.9,0.2,-55.01,14.22
956,10410789,0.2,-54.14,16.38
957,10562936.7,0.2,-54.67,23.93
958,10717307.9,0.2,-53.87,16.69
959,10873935.1,0.2,-55.6,32.53
960,11032851.3,0.2,-55.07,20.1
961,11194090,0.2,-53.71,26.86
962,11357685.2,0.2,-55.21,17.23
963,11523671.1,0.2,-54.38,16.73
964,11692082.9,0.2,-55.34,23.2
965,11862955.9,0.2,-55.13,34.42
966,12036326.1,0.2,-55.44,26.9
967,12212230,0.2,-54.9,14.01
968,12390704.7,0.2,-54.5,23.29
969,12571787.6,0.2,-53.82,20.19
970,12755517,0.2,-55.04,31.33
971,12941931.5,0.2,-54.27,26.74
972,13131070.3,0.2,-54.69,30.54
973,13322973.2,0.2,-54.07,26.65
974,13517680.8,0.2,-54.12,26.28
975,13715233.8,0.2,-54.25,28.99
976,13915674,0.2,-54.53,36.48
977,14119043.5,0.2,-53.62,27.95
978,14325385.1,0.2,-54.13,23.37
979,14534742.3,0.2,-54.35,31.86
980,14747159.1,0.2,-54.52,31.88
981,14962680.3,0.2,-53.45,24.65
982,15181351.1,0.2,-53.34,32.11
983,15403217.8,0.2,-53.96,29.8
984,15628326.9,0.2,-53.7,27.26
985,15856725.8,0.2,-53.7,34.53
986,16088462.6,0.2,-52.6,32.63
987,16323586.2,0.2,-53.27,36.11
988,16562145.9,0.2,-52.82,33.03
989,16804192,0.2,-53.18,36.64
990,17049775.5,0.2,-53.41,38.62
991,17298948.1,0.2,-53.84,34.8
992,17551762.2,0.2,-52.62,31.03
993,17808271,0.2,-52.36,35.08
994,18068528.5,0.2,-53.21,30.95
995,18332589.6,0.2,-53.07,39.09
996,18600509.7,0.2,-52.84,40.6
997,18872345.4,0.2,-52.52,34.99
998,19148153.7,0.2,-52.09,38.12
999,19427992.9,0.2,-52.24,37.65
1000,19711921.7,0.2,-52.51,32.75
1001,20000000,0.2,-51.26,32.29
