t, i, q
-2.497600E+00,-40.201E-03,-24.121E-03
-2.495100E+00,-42.211E-03,-28.643E-03
-2.492600E+00,-39.196E-03,-30.151E-03
-2.490100E+00,-40.201E-03,-28.141E-03
-2.487600E+00,-38.191E-03,-34.171E-03
-2.485100E+00,-36.683E-03,-32.663E-03
-2.482600E+00,-38.191E-03,-33.166E-03
-2.480100E+00,-37.186E-03,-38.191E-03
-2.477600E+00,-40.201E-03,-34.171E-03
-2.475100E+00,-38.191E-03,-36.683E-03
-2.472600E+00,-37.186E-03,-42.211E-03
-2.470100E+00,-38.191E-03,-40.704E-03
-2.467600E+00,-38.191E-03,-46.231E-03
-2.465100E+00,-36.683E-03,-45.729E-03
-2.462600E+00,-35.176E-03,-46.231E-03
-2.460100E+00,-34.171E-03,-51.759E-03
-2.457600E+00,-36.181E-03,-50.251E-03
-2.455100E+00,-34.171E-03,-51.256E-03
-2.452600E+00,-33.166E-03,-55.276E-03
-2.450100E+00,-30.653E-03,-56.784E-03
-2.447600E+00,-36.181E-03,-56.281E-03
-2.445100E+00,-31.658E-03,-58.291E-03
-2.442600E+00,-30.151E-03,-60.302E-03
-2.440100E+00,-30.653E-03,-63.317E-03
-2.437600E+00,-30.151E-03,-64.322E-03
-2.435100E+00,-27.638E-03,-63.819E-03
-2.432600E+00,-26.131E-03,-67.337E-03
-2.430100E+00,-25.126E-03,-66.332E-03
-2.427600E+00,-26.131E-03,-68.342E-03
-2.425100E+00,-24.623E-03,-70.352E-03
-2.422600E+00,-23.116E-03,-70.352E-03
-2.420100E+00,-22.613E-03,-68.844E-03
-2.417600E+00,-20.101E-03,-74.372E-03
-2.415100E+00,-20.101E-03,-72.362E-03
-2.412600E+00,-18.090E-03,-75.377E-03
-2.410100E+00,-17.588E-03,-76.382E-03
-2.407600E+00,-14.070E-03,-78.392E-03
-2.405100E+00,-14.573E-03,-73.869E-03
-2.402600E+00,-14.070E-03,-76.382E-03
-2.400100E+00,-12.563E-03,-78.392E-03
-2.397600E+00,-10.050E-03,-78.392E-03
-2.395100E+00,-10.050E-03,-81.910E-03
-2.392600E+00,-10.050E-03,-79.397E-03
-2.390100E+00,-6.030E-03,-83.920E-03
-2.387600E+00,-8.040E-03,-80.402E-03
-2.385100E+00,-8.040E-03,-83.920E-03
-2.382600E+00,-2.010E-03,-84.422E-03
-2.380100E+00,-5.528E-03,-84.422E-03
-2.377600E+00,-2.010E-03,-84.422E-03
-2.375100E+00,+2.513E-03,-84.925E-03
-2.372600E+00,+2.010E-03,-88.442E-03
-2.370100E+00,+4.020E-03,-88.442E-03
-2.367600E+00,+4.020E-03,-88.442E-03
-2.365100E+00,+6.030E-03,-87.940E-03
-2.362600E+00,+9.045E-03,-87.437E-03
-2.360100E+00,+8.543E-03,-89.950E-03
-2.357600E+00,+8.040E-03,-90.452E-03
-2.355100E+00,+12.060E-03,-89.950E-03
-2.352600E+00,+12.060E-03,-91.457E-03
-2.350100E+00,+12.563E-03,-88.945E-03
-2.347600E+00,+18.090E-03,-90.452E-03
-2.345100E+00,+18.090E-03,-90.452E-03
-2.342600E+00,+19.095E-03,-89.447E-03
-2.340100E+00,+20.101E-03,-90.452E-03
-2.337600E+00,+24.121E-03,-90.452E-03
-2.335100E+00,+25.126E-03,-90.452E-03
-2.332600E+00,+26.131E-03,-88.442E-03
-2.330100E+00,+25.628E-03,-91.457E-03
-2.327600E+00,+30.151E-03,-90.452E-03
-2.325100E+00,+31.658E-03,-86.935E-03
-2.322600E+00,+29.146E-03,-89.447E-03
-2.320100E+00,+32.663E-03,-88.442E-03
-2.317600E+00,+34.171E-03,-88.442E-03
-2.315100E+00,+33.668E-03,-88.442E-03
-2.312600E+00,+37.186E-03,-86.432E-03
-2.310100E+00,+35.176E-03,-87.437E-03
-2.307600E+00,+44.221E-03,-84.422E-03
-2.305100E+00,+40.201E-03,-86.432E-03
-2.302600E+00,+44.221E-03,-86.432E-03
-2.300100E+00,+45.226E-03,-85.930E-03
-2.297600E+00,+46.231E-03,-84.422E-03
-2.295100E+00,+46.231E-03,-84.422E-03
-2.292600E+00,+49.246E-03,-82.412E-03
-2.290100E+00,+50.251E-03,-80.905E-03
-2.287600E+00,+48.241E-03,-82.412E-03
-2.285100E+00,+53.769E-03,-78.894E-03
-2.282600E+00,+52.261E-03,-79.397E-03
-2.280100E+00,+52.764E-03,-78.392E-03
-2.277600E+00,+58.291E-03,-78.392E-03
-2.275100E+00,+58.291E-03,-76.884E-03
-2.272600E+00,+58.291E-03,-74.372E-03
-2.270100E+00,+60.302E-03,-75.377E-03
-2.267600E+00,+58.291E-03,-76.382E-03
-2.265100E+00,+64.322E-03,-73.367E-03
-2.262600E+00,+63.317E-03,-72.362E-03
-2.260100E+00,+62.814E-03,-70.854E-03
-2.257600E+00,+66.332E-03,-70.352E-03
-2.255100E+00,+67.839E-03,-68.342E-03
-2.252600E+00,+64.322E-03,-70.352E-03
-2.250100E+00,+68.342E-03,-66.332E-03
-2.247600E+00,+68.342E-03,-66.332E-03
-2.245100E+00,+68.342E-03,-63.317E-03
-2.242600E+00,+73.367E-03,-61.307E-03
-2.240100E+00,+75.377E-03,-60.804E-03
-2.237600E+00,+72.362E-03,-58.291E-03
-2.235100E+00,+73.869E-03,-59.799E-03
-2.232600E+00,+74.372E-03,-57.286E-03
-2.230100E+00,+76.884E-03,-54.271E-03
-2.227600E+00,+72.362E-03,-54.271E-03
-2.225100E+00,+75.879E-03,-53.769E-03
-2.222600E+00,+78.392E-03,-50.251E-03
-2.220100E+00,+78.392E-03,-50.251E-03
-2.217600E+00,+78.392E-03,-50.251E-03
-2.215100E+00,+79.899E-03,-46.734E-03
-2.212600E+00,+81.407E-03,-44.221E-03
-2.210100E+00,+81.910E-03,-43.216E-03
-2.207600E+00,+82.412E-03,-40.201E-03
-2.205100E+00,+82.412E-03,-42.211E-03
-2.202600E+00,+84.422E-03,-39.196E-03
-2.200100E+00,+82.412E-03,-38.191E-03
-2.197600E+00,+82.412E-03,-36.181E-03
-2.195100E+00,+83.920E-03,-32.663E-03
-2.192600E+00,+83.417E-03,-33.166E-03
-2.190100E+00,+82.915E-03,-34.171E-03
-2.187600E+00,+84.422E-03,-30.151E-03
-2.185100E+00,+86.432E-03,-26.633E-03
-2.182600E+00,+84.422E-03,-30.151E-03
-2.180100E+00,+84.925E-03,-24.623E-03
-2.177600E+00,+86.432E-03,-24.121E-03
-2.175100E+00,+84.925E-03,-21.608E-03
-2.172600E+00,+85.427E-03,-20.101E-03
-2.170100E+00,+84.925E-03,-18.593E-03
-2.167600E+00,+84.422E-03,-16.080E-03
-2.165100E+00,+84.422E-03,-15.578E-03
-2.162600E+00,+86.432E-03,-14.070E-03
-2.160100E+00,+84.422E-03,-10.553E-03
-2.157600E+00,+84.422E-03,-12.060E-03
-2.155100E+00,+84.422E-03,-12.563E-03
-2.152600E+00,+82.412E-03,-5.025E-03
-2.150100E+00,+82.412E-03,-6.533E-03
-2.147600E+00,+82.412E-03,-6.030E-03
-2.145100E+00,+82.412E-03,+503E-06
-2.142600E+00,+82.412E-03,-4.020E-03
-2.140100E+00,+80.402E-03,+3.518E-03
-2.137600E+00,+84.422E-03,+0.0E+00
-2.135100E+00,+81.910E-03,+2.010E-03
-2.132600E+00,+80.402E-03,+5.025E-03
-2.130100E+00,+80.402E-03,+7.538E-03
-2.127600E+00,+80.402E-03,+6.030E-03
-2.125100E+00,+78.392E-03,+9.045E-03
-2.122600E+00,+78.392E-03,+8.040E-03
-2.120100E+00,+79.899E-03,+9.548E-03
-2.117600E+00,+76.382E-03,+12.060E-03
-2.115100E+00,+76.382E-03,+13.568E-03
-2.112600E+00,+74.372E-03,+18.090E-03
-2.110100E+00,+72.864E-03,+17.588E-03
-2.107600E+00,+74.372E-03,+18.090E-03
-2.105100E+00,+71.859E-03,+22.111E-03
-2.102600E+00,+71.357E-03,+20.101E-03
-2.100100E+00,+72.362E-03,+23.618E-03
-2.097600E+00,+68.342E-03,+24.121E-03
-2.095100E+00,+66.332E-03,+27.136E-03
-2.092600E+00,+68.342E-03,+25.126E-03
-2.090100E+00,+64.824E-03,+28.141E-03
-2.087600E+00,+66.332E-03,+28.141E-03
-2.085100E+00,+65.829E-03,+28.141E-03
-2.082600E+00,+60.302E-03,+29.146E-03
-2.080100E+00,+62.312E-03,+30.151E-03
-2.077600E+00,+58.291E-03,+36.181E-03
-2.075100E+00,+60.302E-03,+32.161E-03
-2.072600E+00,+57.286E-03,+33.166E-03
-2.070100E+00,+53.769E-03,+34.673E-03
-2.067600E+00,+54.271E-03,+36.181E-03
-2.065100E+00,+52.261E-03,+36.181E-03
-2.062600E+00,+50.251E-03,+38.191E-03
-2.060100E+00,+50.251E-03,+38.191E-03
-2.057600E+00,+52.261E-03,+38.191E-03
-2.055100E+00,+46.734E-03,+39.698E-03
-2.052600E+00,+48.241E-03,+38.191E-03
-2.050100E+00,+48.241E-03,+40.201E-03
-2.047600E+00,+46.231E-03,+40.201E-03
-2.045100E+00,+44.724E-03,+40.704E-03
-2.042600E+00,+39.196E-03,+41.206E-03
-2.040100E+00,+38.191E-03,+40.704E-03
-2.037600E+00,+40.201E-03,+42.211E-03
-2.035100E+00,+36.181E-03,+42.211E-03
-2.032600E+00,+36.181E-03,+42.211E-03
-2.030100E+00,+34.673E-03,+40.201E-03
-2.027600E+00,+32.161E-03,+44.221E-03
-2.025100E+00,+28.643E-03,+43.216E-03
-2.022600E+00,+31.156E-03,+44.221E-03
-2.020100E+00,+26.131E-03,+42.714E-03
-2.017600E+00,+26.131E-03,+42.211E-03
-2.015100E+00,+22.111E-03,+43.719E-03
-2.012600E+00,+24.121E-03,+42.211E-03
-2.010100E+00,+19.095E-03,+43.719E-03
-2.007600E+00,+18.090E-03,+42.211E-03
-2.005100E+00,+18.593E-03,+42.211E-03
-2.002600E+00,+16.080E-03,+44.221E-03
-2.000100E+00,+13.568E-03,+42.211E-03
-1.997600E+00,+14.070E-03,+42.211E-03
-1.995100E+00,+14.573E-03,+43.719E-03
-1.992600E+00,+10.050E-03,+43.216E-03
-1.990100E+00,+9.548E-03,+41.709E-03
-1.987600E+00,+10.050E-03,+40.201E-03
-1.985100E+00,+7.538E-03,+38.693E-03
-1.982600E+00,+6.030E-03,+39.196E-03
-1.980100E+00,+3.518E-03,+38.693E-03
-1.977600E+00,+0.0E+00,+40.201E-03
-1.975100E+00,+4.020E-03,+39.698E-03
-1.972600E+00,-1.005E-03,+38.191E-03
-1.970100E+00,-1.005E-03,+38.191E-03
-1.967600E+00,-4.020E-03,+36.181E-03
-1.965100E+00,-3.518E-03,+36.181E-03
-1.962600E+00,-6.030E-03,+36.181E-03
-1.960100E+00,-2.513E-03,+35.176E-03
-1.957600E+00,-8.040E-03,+34.171E-03
-1.955100E+00,-6.533E-03,+31.156E-03
-1.952600E+00,-8.040E-03,+34.171E-03
-1.950100E+00,-10.553E-03,+31.658E-03
-1.947600E+00,-12.060E-03,+30.151E-03
-1.945100E+00,-14.070E-03,+27.638E-03
-1.942600E+00,-16.080E-03,+29.146E-03
-1.940100E+00,-14.070E-03,+27.638E-03
-1.937600E+00,-18.090E-03,+24.121E-03
-1.935100E+00,-17.588E-03,+24.121E-03
-1.932600E+00,-18.090E-03,+26.131E-03
-1.930100E+00,-21.608E-03,+20.603E-03
-1.927600E+00,-20.101E-03,+22.111E-03
-1.925100E+00,-20.603E-03,+19.598E-03
-1.922600E+00,-23.116E-03,+20.101E-03
-1.920100E+00,-23.116E-03,+18.593E-03
-1.917600E+00,-26.131E-03,+18.090E-03
-1.915100E+00,-23.618E-03,+16.080E-03
-1.912600E+00,-24.121E-03,+14.070E-03
-1.910100E+00,-28.141E-03,+12.060E-03
-1.907600E+00,-28.141E-03,+12.060E-03
-1.905100E+00,-26.633E-03,+13.568E-03
-1.902600E+00,-30.151E-03,+8.040E-03
-1.900100E+00,-28.141E-03,+7.538E-03
-1.897600E+00,-32.161E-03,+6.030E-03
-1.895100E+00,-32.663E-03,+4.020E-03
-1.892600E+00,-32.161E-03,+4.020E-03
-1.890100E+00,-30.653E-03,+6.030E-03
-1.887600E+00,-32.161E-03,+2.010E-03
-1.885100E+00,-32.161E-03,+2.010E-03
-1.882600E+00,-34.171E-03,-3.015E-03
-1.880100E+00,-34.171E-03,-5.528E-03
-1.877600E+00,-36.181E-03,-2.010E-03
-1.875100E+00,-37.688E-03,-8.040E-03
-1.872600E+00,-36.181E-03,-7.035E-03
-1.870100E+00,-35.678E-03,-6.533E-03
-1.867600E+00,-38.191E-03,-12.060E-03
-1.865100E+00,-37.688E-03,-11.558E-03
-1.862600E+00,-37.186E-03,-11.055E-03
-1.860100E+00,-36.181E-03,-14.573E-03
-1.857600E+00,-38.191E-03,-16.080E-03
-1.855100E+00,-36.181E-03,-16.583E-03
-1.852600E+00,-29.146E-03,+14.070E-03
-1.850100E+00,-28.643E-03,+14.070E-03
-1.847600E+00,-32.161E-03,+12.060E-03
-1.845100E+00,-30.653E-03,+8.040E-03
-1.842600E+00,-33.166E-03,+8.040E-03
-1.840100E+00,-34.673E-03,+3.518E-03
-1.837600E+00,-34.171E-03,+6.030E-03
-1.835100E+00,-34.171E-03,+4.020E-03
-1.832600E+00,-36.181E-03,-1.005E-03
-1.830100E+00,-33.166E-03,-2.010E-03
-1.827600E+00,-34.171E-03,+2.010E-03
-1.825100E+00,-36.683E-03,-6.030E-03
-1.822600E+00,-38.191E-03,-3.015E-03
-1.820100E+00,-36.683E-03,-7.538E-03
-1.817600E+00,-40.201E-03,-10.050E-03
-1.815100E+00,-38.191E-03,-9.548E-03
-1.812600E+00,-39.196E-03,-9.045E-03
-1.810100E+00,-41.709E-03,-13.568E-03
-1.807600E+00,-38.191E-03,-12.060E-03
-1.805100E+00,-39.698E-03,-20.101E-03
-1.802600E+00,-39.196E-03,-20.101E-03
-1.800100E+00,-41.709E-03,-16.583E-03
-1.797600E+00,-38.191E-03,-26.131E-03
-1.795100E+00,-42.211E-03,-22.613E-03
-1.792600E+00,-39.196E-03,-22.111E-03
-1.790100E+00,-41.709E-03,-30.151E-03
-1.787600E+00,-42.211E-03,-28.141E-03
-1.785100E+00,-39.698E-03,-28.141E-03
-1.782600E+00,-38.191E-03,-33.166E-03
-1.780100E+00,-41.709E-03,-30.653E-03
-1.777600E+00,-38.191E-03,-36.181E-03
-1.775100E+00,-38.191E-03,-39.698E-03
-1.772600E+00,-38.191E-03,-39.196E-03
-1.770100E+00,-38.191E-03,-43.216E-03
-1.767600E+00,-38.191E-03,-42.211E-03
-1.765100E+00,-38.191E-03,-42.211E-03
-1.762600E+00,-36.181E-03,-46.231E-03
-1.760100E+00,-33.668E-03,-44.724E-03
-1.757600E+00,-36.181E-03,-48.241E-03
-1.755100E+00,-34.171E-03,-50.251E-03
-1.752600E+00,-36.181E-03,-52.261E-03
-1.750100E+00,-36.181E-03,-53.769E-03
-1.747600E+00,-34.171E-03,-54.271E-03
-1.745100E+00,-33.668E-03,-54.271E-03
-1.742600E+00,-33.166E-03,-58.291E-03
-1.740100E+00,-30.151E-03,-59.799E-03
-1.737600E+00,-30.151E-03,-56.281E-03
-1.735100E+00,-28.643E-03,-62.312E-03
-1.732600E+00,-30.151E-03,-64.322E-03
-1.730100E+00,-29.648E-03,-62.312E-03
-1.727600E+00,-28.141E-03,-68.342E-03
-1.725100E+00,-24.623E-03,-66.332E-03
-1.722600E+00,-27.136E-03,-67.337E-03
-1.720100E+00,-22.111E-03,-67.337E-03
-1.717600E+00,-24.121E-03,-68.342E-03
-1.715100E+00,-23.618E-03,-69.849E-03
-1.712600E+00,-22.111E-03,-72.362E-03
-1.710100E+00,-21.608E-03,-75.879E-03
-1.707600E+00,-18.090E-03,-72.362E-03
-1.705100E+00,-19.095E-03,-75.879E-03
-1.702600E+00,-17.085E-03,-73.367E-03
-1.700100E+00,-15.075E-03,-76.884E-03
-1.697600E+00,-16.080E-03,-76.382E-03
-1.695100E+00,-12.563E-03,-77.889E-03
-1.692600E+00,-9.045E-03,-83.417E-03
-1.690100E+00,-10.553E-03,-78.894E-03
-1.687600E+00,-10.050E-03,-80.402E-03
-1.685100E+00,-7.538E-03,-82.915E-03
-1.682600E+00,-8.040E-03,-84.422E-03
-1.680100E+00,-6.030E-03,-80.905E-03
-1.677600E+00,-2.010E-03,-82.412E-03
-1.675100E+00,-3.518E-03,-83.920E-03
-1.672600E+00,+2.010E-03,-86.432E-03
-1.670100E+00,+503E-06,-87.940E-03
-1.667600E+00,+2.010E-03,-86.432E-03
-1.665100E+00,+6.030E-03,-88.442E-03
-1.662600E+00,+5.025E-03,-87.437E-03
-1.660100E+00,+4.020E-03,-87.437E-03
-1.657600E+00,+8.040E-03,-90.452E-03
-1.655100E+00,+8.543E-03,-90.452E-03
-1.652600E+00,+7.035E-03,-88.442E-03
-1.650100E+00,+14.070E-03,-88.442E-03
-1.647600E+00,+12.060E-03,-92.462E-03
-1.645100E+00,+15.578E-03,-88.945E-03
-1.642600E+00,+19.095E-03,-90.452E-03
-1.640100E+00,+15.578E-03,-88.442E-03
-1.637600E+00,+22.111E-03,-88.442E-03
-1.635100E+00,+22.111E-03,-88.945E-03
-1.632600E+00,+21.106E-03,-90.452E-03
-1.630100E+00,+26.131E-03,-91.457E-03
-1.627600E+00,+24.121E-03,-90.452E-03
-1.625100E+00,+25.628E-03,-89.950E-03
-1.622600E+00,+29.146E-03,-89.447E-03
-1.620100E+00,+29.648E-03,-88.442E-03
-1.617600E+00,+28.141E-03,-90.452E-03
-1.615100E+00,+32.663E-03,-88.442E-03
-1.612600E+00,+34.171E-03,-84.422E-03
-1.610100E+00,+38.191E-03,-86.432E-03
-1.607600E+00,+36.181E-03,-88.442E-03
-1.605100E+00,+36.683E-03,-86.935E-03
-1.602600E+00,+41.206E-03,-86.432E-03
-1.600100E+00,+40.704E-03,-84.925E-03
-1.597600E+00,+40.201E-03,-86.432E-03
-1.595100E+00,+46.231E-03,-82.915E-03
-1.592600E+00,+47.236E-03,-82.412E-03
-1.590100E+00,+46.231E-03,-85.427E-03
-1.587600E+00,+50.251E-03,-84.422E-03
-1.585100E+00,+48.744E-03,-82.412E-03
-1.582600E+00,+50.251E-03,-81.407E-03
-1.580100E+00,+51.759E-03,-80.402E-03
-1.577600E+00,+52.261E-03,-80.402E-03
-1.575100E+00,+54.271E-03,-79.397E-03
-1.572600E+00,+56.281E-03,-77.387E-03
-1.570100E+00,+56.281E-03,-78.392E-03
-1.567600E+00,+60.302E-03,-76.382E-03
-1.565100E+00,+60.302E-03,-75.377E-03
-1.562600E+00,+59.296E-03,-76.382E-03
-1.560100E+00,+63.819E-03,-72.864E-03
-1.557600E+00,+64.322E-03,-72.362E-03
-1.555100E+00,+62.312E-03,-71.859E-03
-1.552600E+00,+67.337E-03,-69.347E-03
-1.550100E+00,+66.332E-03,-69.849E-03
-1.547600E+00,+70.352E-03,-66.332E-03
-1.545100E+00,+69.849E-03,-66.332E-03
-1.542600E+00,+68.342E-03,-64.322E-03
-1.540100E+00,+73.367E-03,-63.819E-03
-1.537600E+00,+72.362E-03,-60.302E-03
-1.535100E+00,+73.869E-03,-62.312E-03
-1.532600E+00,+73.367E-03,-57.286E-03
-1.530100E+00,+73.869E-03,-58.291E-03
-1.527600E+00,+76.382E-03,-58.291E-03
-1.525100E+00,+76.382E-03,-54.271E-03
-1.522600E+00,+78.392E-03,-54.271E-03
-1.520100E+00,+76.382E-03,-52.764E-03
-1.517600E+00,+80.402E-03,-50.251E-03
-1.515100E+00,+78.894E-03,-50.754E-03
-1.512600E+00,+79.397E-03,-46.231E-03
-1.510100E+00,+78.392E-03,-46.231E-03
-1.507600E+00,+78.392E-03,-48.241E-03
-1.505100E+00,+80.402E-03,-40.201E-03
-1.502600E+00,+82.412E-03,-41.206E-03
-1.500100E+00,+82.412E-03,-40.704E-03
-1.497600E+00,+82.412E-03,-38.191E-03
-1.495100E+00,+85.427E-03,-38.191E-03
-1.492600E+00,+81.407E-03,-37.186E-03
-1.490100E+00,+82.915E-03,-34.171E-03
-1.487600E+00,+82.412E-03,-34.171E-03
-1.485100E+00,+82.915E-03,-28.141E-03
-1.482600E+00,+85.427E-03,-29.146E-03
-1.480100E+00,+83.920E-03,-28.643E-03
-1.477600E+00,+86.432E-03,-26.131E-03
-1.475100E+00,+82.915E-03,-24.623E-03
-1.472600E+00,+85.427E-03,-22.111E-03
-1.470100E+00,+83.920E-03,-21.106E-03
-1.467600E+00,+86.432E-03,-18.090E-03
-1.465100E+00,+86.432E-03,-21.608E-03
-1.462600E+00,+84.422E-03,-14.070E-03
-1.460100E+00,+84.422E-03,-14.573E-03
-1.457600E+00,+84.422E-03,-16.080E-03
-1.455100E+00,+82.412E-03,-11.558E-03
-1.452600E+00,+84.422E-03,-12.060E-03
-1.450100E+00,+83.920E-03,-5.025E-03
-1.447600E+00,+84.422E-03,-8.040E-03
-1.445100E+00,+84.422E-03,-7.538E-03
-1.442600E+00,+82.412E-03,-2.010E-03
-1.440100E+00,+82.915E-03,-1.005E-03
-1.437600E+00,+82.412E-03,-4.020E-03
-1.435100E+00,+82.412E-03,+503E-06
-1.432600E+00,+82.412E-03,+1.005E-03
-1.430100E+00,+80.905E-03,+2.010E-03
-1.427600E+00,+76.382E-03,+6.030E-03
-1.425100E+00,+80.402E-03,+5.025E-03
-1.422600E+00,+80.402E-03,+6.030E-03
-1.420100E+00,+78.894E-03,+9.548E-03
-1.417600E+00,+80.402E-03,+10.050E-03
-1.415100E+00,+75.879E-03,+14.573E-03
-1.412600E+00,+75.377E-03,+13.065E-03
-1.410100E+00,+76.382E-03,+14.070E-03
-1.407600E+00,+74.372E-03,+18.090E-03
-1.405100E+00,+73.869E-03,+18.593E-03
-1.402600E+00,+75.377E-03,+18.090E-03
-1.400100E+00,+73.367E-03,+20.101E-03
-1.397600E+00,+70.352E-03,+20.101E-03
-1.395100E+00,+70.352E-03,+21.608E-03
-1.392600E+00,+69.347E-03,+23.116E-03
-1.390100E+00,+68.342E-03,+23.618E-03
-1.387600E+00,+64.322E-03,+28.141E-03
-1.385100E+00,+64.824E-03,+29.146E-03
-1.382600E+00,+64.322E-03,+27.136E-03
-1.380100E+00,+59.799E-03,+30.653E-03
-1.377600E+00,+62.312E-03,+30.151E-03
-1.375100E+00,+60.302E-03,+31.156E-03
-1.372600E+00,+57.286E-03,+32.161E-03
-1.370100E+00,+59.799E-03,+32.161E-03
-1.367600E+00,+58.291E-03,+34.171E-03
-1.365100E+00,+54.271E-03,+35.678E-03
-1.362600E+00,+56.281E-03,+36.181E-03
-1.360100E+00,+54.271E-03,+36.181E-03
-1.357600E+00,+50.251E-03,+36.181E-03
-1.355100E+00,+52.764E-03,+36.181E-03
-1.352600E+00,+47.236E-03,+40.201E-03
-1.350100E+00,+48.744E-03,+37.688E-03
-1.347600E+00,+46.231E-03,+38.191E-03
-1.345100E+00,+43.719E-03,+40.201E-03
-1.342600E+00,+43.216E-03,+40.201E-03
-1.340100E+00,+44.221E-03,+41.709E-03
-1.337600E+00,+42.211E-03,+42.211E-03
-1.335100E+00,+42.211E-03,+39.196E-03
-1.332600E+00,+38.191E-03,+41.206E-03
-1.330100E+00,+34.673E-03,+42.211E-03
-1.327600E+00,+34.171E-03,+42.211E-03
-1.325100E+00,+34.673E-03,+44.221E-03
-1.322600E+00,+30.151E-03,+43.216E-03
-1.320100E+00,+30.653E-03,+43.719E-03
-1.317600E+00,+24.121E-03,+42.211E-03
-1.315100E+00,+26.633E-03,+43.719E-03
-1.312600E+00,+27.136E-03,+43.216E-03
-1.310100E+00,+22.111E-03,+44.221E-03
-1.307600E+00,+24.121E-03,+42.211E-03
-1.305100E+00,+22.111E-03,+45.729E-03
-1.302600E+00,+20.101E-03,+42.211E-03
-1.300100E+00,+18.593E-03,+44.221E-03
-1.297600E+00,+18.090E-03,+40.201E-03
-1.295100E+00,+12.563E-03,+42.211E-03
-1.292600E+00,+14.070E-03,+42.211E-03
-1.290100E+00,+10.553E-03,+41.206E-03
-1.287600E+00,+12.060E-03,+42.211E-03
-1.285100E+00,+10.553E-03,+42.211E-03
-1.282600E+00,+8.040E-03,+39.196E-03
-1.280100E+00,+5.528E-03,+41.206E-03
-1.277600E+00,+10.050E-03,+40.201E-03
-1.275100E+00,+2.513E-03,+38.693E-03
-1.272600E+00,+4.020E-03,+40.201E-03
-1.270100E+00,+1.005E-03,+38.191E-03
-1.267600E+00,-2.010E-03,+36.181E-03
-1.265100E+00,+0.0E+00,+38.191E-03
-1.262600E+00,-3.015E-03,+38.191E-03
-1.260100E+00,-4.020E-03,+35.678E-03
-1.257600E+00,-6.030E-03,+36.181E-03
-1.255100E+00,-9.548E-03,+33.668E-03
-1.252600E+00,-9.045E-03,+35.176E-03
-1.250100E+00,-6.533E-03,+36.181E-03
-1.247600E+00,-12.060E-03,+32.161E-03
-1.245100E+00,-10.553E-03,+31.658E-03
-1.242600E+00,-11.055E-03,+32.161E-03
-1.240100E+00,-14.070E-03,+28.141E-03
-1.237600E+00,-12.060E-03,+26.131E-03
-1.235100E+00,-14.573E-03,+28.643E-03
-1.232600E+00,-18.090E-03,+25.126E-03
-1.230100E+00,-17.588E-03,+24.623E-03
-1.227600E+00,-16.080E-03,+26.131E-03
-1.225100E+00,-21.608E-03,+24.121E-03
-1.222600E+00,-19.095E-03,+23.116E-03
-1.220100E+00,-22.111E-03,+18.090E-03
-1.217600E+00,-24.121E-03,+20.101E-03
-1.215100E+00,-23.116E-03,+20.101E-03
-1.212600E+00,-24.121E-03,+16.080E-03
-1.210100E+00,-27.136E-03,+17.588E-03
-1.207600E+00,-26.131E-03,+14.070E-03
-1.205100E+00,-27.638E-03,+12.060E-03
-1.202600E+00,-25.126E-03,+11.055E-03
-1.200100E+00,-27.638E-03,+13.065E-03
-1.197600E+00,-26.131E-03,+8.040E-03
-1.195100E+00,-28.141E-03,+8.543E-03
-1.192600E+00,-31.156E-03,+5.025E-03
-1.190100E+00,-30.653E-03,+7.035E-03
-1.187600E+00,-30.151E-03,+6.030E-03
-1.185100E+00,-32.663E-03,+503E-06
-1.182600E+00,-32.161E-03,-1.005E-03
-1.180100E+00,-34.171E-03,+2.010E-03
-1.177600E+00,-32.161E-03,-2.010E-03
-1.175100E+00,-34.171E-03,-4.020E-03
-1.172600E+00,-34.171E-03,-4.020E-03
-1.170100E+00,-35.678E-03,-6.030E-03
-1.167600E+00,-36.181E-03,-10.050E-03
-1.165100E+00,-34.673E-03,-7.538E-03
-1.162600E+00,-38.191E-03,-10.050E-03
-1.160100E+00,-35.678E-03,-12.060E-03
-1.157600E+00,-38.191E-03,-16.080E-03
-1.155100E+00,-36.181E-03,-17.588E-03
-1.152600E+00,-35.176E-03,-14.070E-03
-1.150100E+00,-30.151E-03,+11.558E-03
-1.147600E+00,-32.161E-03,+12.060E-03
-1.145100E+00,-31.658E-03,+12.060E-03
-1.142600E+00,-32.161E-03,+9.045E-03
-1.140100E+00,-32.161E-03,+7.538E-03
-1.137600E+00,-30.151E-03,+6.030E-03
-1.135100E+00,-33.668E-03,+2.513E-03
-1.132600E+00,-34.171E-03,+4.020E-03
-1.130100E+00,-34.171E-03,+4.020E-03
-1.127600E+00,-36.181E-03,+0.0E+00
-1.125100E+00,-37.186E-03,+0.0E+00
-1.122600E+00,-36.181E-03,-1.005E-03
-1.120100E+00,-41.206E-03,-4.523E-03
-1.117600E+00,-38.191E-03,-8.040E-03
-1.115100E+00,-39.698E-03,-10.050E-03
-1.112600E+00,-38.191E-03,-10.050E-03
-1.110100E+00,-40.201E-03,-10.050E-03
-1.107600E+00,-38.191E-03,-16.080E-03
-1.105100E+00,-38.191E-03,-15.578E-03
-1.102600E+00,-38.191E-03,-11.055E-03
-1.100100E+00,-38.693E-03,-18.090E-03
-1.097600E+00,-40.201E-03,-18.090E-03
-1.095100E+00,-39.698E-03,-18.593E-03
-1.092600E+00,-40.201E-03,-23.116E-03
-1.090100E+00,-38.191E-03,-23.618E-03
-1.087600E+00,-40.201E-03,-22.111E-03
-1.085100E+00,-40.201E-03,-28.141E-03
-1.082600E+00,-42.211E-03,-28.141E-03
-1.080100E+00,-38.191E-03,-33.166E-03
-1.077600E+00,-40.201E-03,-30.151E-03
-1.075100E+00,-41.709E-03,-33.668E-03
-1.072600E+00,-38.191E-03,-38.191E-03
-1.070100E+00,-38.693E-03,-38.191E-03
-1.067600E+00,-38.191E-03,-36.181E-03
-1.065100E+00,-36.683E-03,-42.211E-03
-1.062600E+00,-37.186E-03,-43.216E-03
-1.060100E+00,-36.683E-03,-42.714E-03
-1.057600E+00,-38.191E-03,-44.221E-03
-1.055100E+00,-36.181E-03,-47.739E-03
-1.052600E+00,-38.191E-03,-48.241E-03
-1.050100E+00,-36.181E-03,-50.754E-03
-1.047600E+00,-34.171E-03,-50.251E-03
-1.045100E+00,-32.663E-03,-54.271E-03
-1.042600E+00,-33.166E-03,-55.276E-03
-1.040100E+00,-34.171E-03,-55.276E-03
-1.037600E+00,-30.151E-03,-58.291E-03
-1.035100E+00,-31.658E-03,-58.794E-03
-1.032600E+00,-33.166E-03,-60.302E-03
-1.030100E+00,-29.648E-03,-62.814E-03
-1.027600E+00,-28.141E-03,-62.312E-03
-1.025100E+00,-28.141E-03,-61.809E-03
-1.022600E+00,-25.126E-03,-66.332E-03
-1.020100E+00,-25.628E-03,-67.337E-03
-1.017600E+00,-24.121E-03,-70.352E-03
-1.015100E+00,-24.121E-03,-69.849E-03
-1.012600E+00,-23.116E-03,-69.347E-03
-1.010100E+00,-20.603E-03,-73.869E-03
-1.007600E+00,-18.090E-03,-74.372E-03
-1.005100E+00,-19.598E-03,-72.362E-03
-1.002600E+00,-14.070E-03,-78.392E-03
-1.000100E+00,-17.085E-03,-74.874E-03
-997.600E-03,-18.090E-03,-74.372E-03
-995.100E-03,-14.070E-03,-77.889E-03
-992.600E-03,-14.070E-03,-80.402E-03
-990.100E-03,-15.578E-03,-78.392E-03
-987.600E-03,-8.040E-03,-82.412E-03
-985.100E-03,-10.050E-03,-81.910E-03
-982.600E-03,-7.035E-03,-83.417E-03
-980.100E-03,-7.538E-03,-83.920E-03
-977.600E-03,-8.040E-03,-82.412E-03
-975.100E-03,-2.010E-03,-84.925E-03
-972.600E-03,-2.010E-03,-85.427E-03
-970.100E-03,-4.020E-03,-84.422E-03
-967.600E-03,+0.0E+00,-88.442E-03
-965.100E-03,+2.010E-03,-87.940E-03
-962.600E-03,+2.010E-03,-87.437E-03
-960.100E-03,+6.030E-03,-87.940E-03
-957.600E-03,+4.020E-03,-88.442E-03
-955.100E-03,+5.528E-03,-85.930E-03
-952.600E-03,+10.050E-03,-89.447E-03
-950.100E-03,+11.055E-03,-86.935E-03
-947.600E-03,+14.070E-03,-88.442E-03
-945.100E-03,+14.070E-03,-87.940E-03
-942.600E-03,+14.070E-03,-90.452E-03
-940.100E-03,+16.583E-03,-89.950E-03
-937.600E-03,+16.080E-03,-88.442E-03
-935.100E-03,+19.095E-03,-88.442E-03
-932.600E-03,+21.106E-03,-90.452E-03
-930.100E-03,+21.608E-03,-91.457E-03
-927.600E-03,+20.101E-03,-88.442E-03
-925.100E-03,+24.121E-03,-88.945E-03
-922.600E-03,+24.121E-03,-89.447E-03
-920.100E-03,+28.643E-03,-88.945E-03
-917.600E-03,+32.161E-03,-86.432E-03
-915.100E-03,+29.648E-03,-88.945E-03
-912.600E-03,+32.161E-03,-89.447E-03
-910.100E-03,+34.171E-03,-88.442E-03
-907.600E-03,+34.171E-03,-88.442E-03
-905.100E-03,+37.186E-03,-84.925E-03
-902.600E-03,+38.191E-03,-85.427E-03
-900.100E-03,+38.191E-03,-88.442E-03
-897.600E-03,+42.211E-03,-86.432E-03
-895.100E-03,+41.709E-03,-84.925E-03
-892.600E-03,+43.216E-03,-86.432E-03
-890.100E-03,+44.724E-03,-83.417E-03
-887.600E-03,+46.231E-03,-86.432E-03
-885.100E-03,+46.734E-03,-82.412E-03
-882.600E-03,+49.246E-03,-82.412E-03
-880.100E-03,+48.241E-03,-82.412E-03
-877.600E-03,+52.261E-03,-80.402E-03
-875.100E-03,+52.261E-03,-78.392E-03
-872.600E-03,+52.261E-03,-80.402E-03
-870.100E-03,+56.784E-03,-76.884E-03
-867.600E-03,+58.291E-03,-76.382E-03
-865.100E-03,+56.281E-03,-76.382E-03
-862.600E-03,+60.302E-03,-75.377E-03
-860.100E-03,+60.302E-03,-74.372E-03
-857.600E-03,+58.291E-03,-74.372E-03
-855.100E-03,+63.317E-03,-73.869E-03
-852.600E-03,+64.322E-03,-72.362E-03
-850.100E-03,+66.332E-03,-69.849E-03
-847.600E-03,+64.322E-03,-68.342E-03
-845.100E-03,+66.332E-03,-70.352E-03
-842.600E-03,+68.342E-03,-67.337E-03
-840.100E-03,+67.839E-03,-66.332E-03
-837.600E-03,+68.342E-03,-68.342E-03
-835.100E-03,+72.362E-03,-62.312E-03
-832.600E-03,+71.357E-03,-63.317E-03
-830.100E-03,+70.854E-03,-63.819E-03
-827.600E-03,+74.372E-03,-56.281E-03
-825.100E-03,+75.879E-03,-57.789E-03
-822.600E-03,+75.377E-03,-55.276E-03
-820.100E-03,+75.879E-03,-54.271E-03
-817.600E-03,+78.392E-03,-52.261E-03
-815.100E-03,+78.392E-03,-51.759E-03
-812.600E-03,+78.392E-03,-49.246E-03
-810.100E-03,+78.894E-03,-51.256E-03
-807.600E-03,+80.402E-03,-48.241E-03
-805.100E-03,+82.412E-03,-48.241E-03
-802.600E-03,+79.397E-03,-48.241E-03
-800.100E-03,+82.412E-03,-39.698E-03
-797.600E-03,+82.412E-03,-40.201E-03
-795.100E-03,+80.402E-03,-43.719E-03
-792.600E-03,+81.407E-03,-36.181E-03
-790.100E-03,+79.397E-03,-37.688E-03
-787.600E-03,+84.422E-03,-34.171E-03
-785.100E-03,+83.920E-03,-34.171E-03
-782.600E-03,+83.417E-03,-33.166E-03
-780.100E-03,+84.422E-03,-30.151E-03
-777.600E-03,+84.422E-03,-28.141E-03
-775.100E-03,+84.422E-03,-29.146E-03
-772.600E-03,+84.422E-03,-26.131E-03
-770.100E-03,+85.427E-03,-24.623E-03
-767.600E-03,+84.422E-03,-26.131E-03
-765.100E-03,+85.930E-03,-20.101E-03
-762.600E-03,+85.427E-03,-19.095E-03
-760.100E-03,+82.915E-03,-16.080E-03
-757.600E-03,+86.432E-03,-14.070E-03
-755.100E-03,+86.432E-03,-15.578E-03
-752.600E-03,+83.417E-03,-10.050E-03
-750.100E-03,+82.915E-03,-12.060E-03
-747.600E-03,+82.412E-03,-10.050E-03
-745.100E-03,+82.915E-03,-7.538E-03
-742.600E-03,+83.417E-03,-8.040E-03
-740.100E-03,+83.920E-03,-6.030E-03
-737.600E-03,+80.402E-03,-4.020E-03
-735.100E-03,+82.412E-03,-503E-06
-732.600E-03,+82.412E-03,-4.020E-03
-730.100E-03,+80.905E-03,+1.508E-03
-727.600E-03,+82.412E-03,+0.0E+00
-725.100E-03,+78.392E-03,+6.030E-03
-722.600E-03,+80.402E-03,+5.025E-03
-720.100E-03,+80.402E-03,+5.528E-03
-717.600E-03,+76.382E-03,+10.050E-03
-715.100E-03,+79.899E-03,+8.543E-03
-712.600E-03,+78.392E-03,+9.045E-03
-710.100E-03,+74.372E-03,+14.070E-03
-707.600E-03,+74.372E-03,+14.070E-03
-705.100E-03,+74.874E-03,+12.563E-03
-702.600E-03,+72.362E-03,+18.090E-03
-700.100E-03,+73.869E-03,+17.588E-03
-697.600E-03,+74.372E-03,+18.090E-03
-695.100E-03,+72.362E-03,+20.101E-03
-692.600E-03,+70.352E-03,+21.106E-03
-690.100E-03,+67.839E-03,+25.628E-03
-687.600E-03,+68.342E-03,+24.121E-03
-685.100E-03,+68.342E-03,+22.613E-03
-682.600E-03,+64.322E-03,+29.146E-03
-680.100E-03,+64.824E-03,+25.628E-03
-677.600E-03,+66.332E-03,+30.151E-03
-675.100E-03,+61.307E-03,+29.648E-03
-672.600E-03,+61.307E-03,+31.156E-03
-670.100E-03,+60.302E-03,+30.151E-03
-667.600E-03,+62.312E-03,+30.151E-03
-665.100E-03,+58.291E-03,+32.161E-03
-662.600E-03,+55.276E-03,+32.161E-03
-660.100E-03,+53.769E-03,+34.673E-03
-657.600E-03,+54.271E-03,+36.181E-03
-655.100E-03,+50.251E-03,+37.688E-03
-652.600E-03,+51.256E-03,+36.181E-03
-650.100E-03,+50.754E-03,+37.688E-03
-647.600E-03,+44.221E-03,+38.191E-03
-645.100E-03,+47.236E-03,+39.698E-03
-642.600E-03,+45.226E-03,+40.201E-03
-640.100E-03,+44.221E-03,+40.704E-03
-637.600E-03,+44.221E-03,+38.191E-03
-635.100E-03,+43.719E-03,+40.201E-03
-632.600E-03,+39.196E-03,+40.201E-03
-630.100E-03,+40.201E-03,+40.704E-03
-627.600E-03,+36.181E-03,+44.221E-03
-625.100E-03,+34.171E-03,+42.211E-03
-622.600E-03,+35.176E-03,+41.206E-03
-620.100E-03,+30.653E-03,+42.714E-03
-617.600E-03,+32.161E-03,+46.231E-03
-615.100E-03,+30.151E-03,+42.714E-03
-612.600E-03,+28.141E-03,+44.221E-03
-610.100E-03,+25.126E-03,+44.221E-03
-607.600E-03,+28.141E-03,+42.211E-03
-605.100E-03,+20.603E-03,+43.719E-03
-602.600E-03,+23.116E-03,+42.211E-03
-600.100E-03,+24.121E-03,+42.714E-03
-597.600E-03,+20.101E-03,+42.211E-03
-595.100E-03,+17.588E-03,+42.714E-03
-592.600E-03,+14.070E-03,+42.211E-03
-590.100E-03,+14.070E-03,+40.704E-03
-587.600E-03,+14.070E-03,+44.221E-03
-585.100E-03,+10.553E-03,+43.719E-03
-582.600E-03,+10.050E-03,+42.211E-03
-580.100E-03,+12.060E-03,+42.211E-03
-577.600E-03,+6.030E-03,+38.191E-03
-575.100E-03,+8.543E-03,+41.206E-03
-572.600E-03,+6.030E-03,+41.206E-03
-570.100E-03,+4.523E-03,+39.698E-03
-567.600E-03,+2.010E-03,+40.201E-03
-565.100E-03,+0.0E+00,+36.181E-03
-562.600E-03,-2.010E-03,+39.196E-03
-560.100E-03,-1.508E-03,+37.688E-03
-557.600E-03,-6.030E-03,+36.181E-03
-555.100E-03,-5.528E-03,+34.673E-03
-552.600E-03,-5.025E-03,+36.181E-03
-550.100E-03,-8.040E-03,+33.668E-03
-547.600E-03,-8.040E-03,+36.181E-03
-545.100E-03,-7.538E-03,+34.171E-03
-542.600E-03,-10.050E-03,+30.151E-03
-540.100E-03,-11.558E-03,+30.151E-03
-537.600E-03,-10.050E-03,+30.151E-03
-535.100E-03,-14.573E-03,+26.633E-03
-532.600E-03,-14.070E-03,+29.146E-03
-530.100E-03,-16.080E-03,+25.126E-03
-527.600E-03,-18.090E-03,+26.131E-03
-525.100E-03,-18.090E-03,+25.628E-03
-522.600E-03,-20.101E-03,+22.111E-03
-520.100E-03,-21.608E-03,+23.618E-03
-517.600E-03,-20.101E-03,+22.111E-03
-515.100E-03,-22.111E-03,+16.583E-03
-512.600E-03,-21.106E-03,+19.095E-03
-510.100E-03,-22.613E-03,+18.593E-03
-507.600E-03,-24.121E-03,+16.080E-03
-505.100E-03,-26.131E-03,+17.588E-03
-502.600E-03,-24.121E-03,+16.080E-03
-500.100E-03,-28.643E-03,+12.563E-03
-497.600E-03,-26.131E-03,+10.050E-03
-495.100E-03,-27.136E-03,+8.040E-03
-492.600E-03,-30.151E-03,+9.045E-03
-490.100E-03,-30.151E-03,+6.030E-03
-487.600E-03,-32.161E-03,+6.030E-03
-485.100E-03,-29.146E-03,+4.523E-03
-482.600E-03,-31.156E-03,+4.020E-03
-480.100E-03,-33.668E-03,-503E-06
-477.600E-03,-34.171E-03,+2.010E-03
-475.100E-03,-33.668E-03,+0.0E+00
-472.600E-03,-35.176E-03,-2.010E-03
-470.100E-03,-34.171E-03,-3.015E-03
-467.600E-03,-36.181E-03,-4.020E-03
-465.100E-03,-35.678E-03,-8.040E-03
-462.600E-03,-35.176E-03,-6.030E-03
-460.100E-03,-36.181E-03,-11.558E-03
-457.600E-03,-36.181E-03,-12.060E-03
-455.100E-03,-36.181E-03,-10.050E-03
-452.600E-03,-37.186E-03,-15.075E-03
-450.100E-03,-36.181E-03,-17.085E-03
-447.600E-03,-38.191E-03,-16.080E-03
-445.100E-03,-28.643E-03,+12.060E-03
-442.600E-03,-31.156E-03,+12.060E-03
-440.100E-03,-30.151E-03,+12.060E-03
-437.600E-03,-32.161E-03,+8.040E-03
-435.100E-03,-34.171E-03,+7.035E-03
-432.600E-03,-31.156E-03,+8.040E-03
-430.100E-03,-34.171E-03,+5.528E-03
-427.600E-03,-32.161E-03,+6.030E-03
-425.100E-03,-37.186E-03,+2.010E-03
-422.600E-03,-36.181E-03,+0.0E+00
-420.100E-03,-36.181E-03,-503E-06
-417.600E-03,-38.191E-03,-2.010E-03
-415.100E-03,-39.698E-03,-5.528E-03
-412.600E-03,-37.186E-03,-5.025E-03
-410.100E-03,-39.698E-03,-8.543E-03
-407.600E-03,-38.191E-03,-8.040E-03
-405.100E-03,-40.201E-03,-10.050E-03
-402.600E-03,-40.201E-03,-14.070E-03
-400.100E-03,-41.709E-03,-12.563E-03
-397.600E-03,-38.191E-03,-14.070E-03
-395.100E-03,-40.201E-03,-19.095E-03
-392.600E-03,-38.191E-03,-20.101E-03
-390.100E-03,-40.704E-03,-22.111E-03
-387.600E-03,-40.201E-03,-22.111E-03
-385.100E-03,-40.201E-03,-22.111E-03
-382.600E-03,-40.201E-03,-27.136E-03
-380.100E-03,-42.211E-03,-26.633E-03
-377.600E-03,-42.211E-03,-28.141E-03
-375.100E-03,-40.201E-03,-31.658E-03
-372.600E-03,-41.206E-03,-32.161E-03
-370.100E-03,-39.698E-03,-35.678E-03
-367.600E-03,-40.201E-03,-38.191E-03
-365.100E-03,-41.709E-03,-35.176E-03
-362.600E-03,-39.196E-03,-36.181E-03
-360.100E-03,-35.176E-03,-42.211E-03
-357.600E-03,-36.181E-03,-44.221E-03
-355.100E-03,-36.181E-03,-46.231E-03
-352.600E-03,-35.176E-03,-47.236E-03
-350.100E-03,-35.678E-03,-46.231E-03
-347.600E-03,-36.181E-03,-52.261E-03
-345.100E-03,-35.678E-03,-50.754E-03
-342.600E-03,-36.181E-03,-51.256E-03
-340.100E-03,-33.668E-03,-54.271E-03
-337.600E-03,-32.161E-03,-56.281E-03
-335.100E-03,-34.171E-03,-55.779E-03
-332.600E-03,-32.161E-03,-58.291E-03
-330.100E-03,-30.653E-03,-59.296E-03
-327.600E-03,-30.151E-03,-58.291E-03
-325.100E-03,-27.638E-03,-63.819E-03
-322.600E-03,-30.151E-03,-62.312E-03
-320.100E-03,-24.121E-03,-66.332E-03
-317.600E-03,-26.131E-03,-64.322E-03
-315.100E-03,-27.136E-03,-64.824E-03
-312.600E-03,-23.116E-03,-70.352E-03
-310.100E-03,-23.116E-03,-70.352E-03
-307.600E-03,-24.121E-03,-72.362E-03
-305.100E-03,-20.603E-03,-72.362E-03
-302.600E-03,-19.095E-03,-72.362E-03
-300.100E-03,-20.101E-03,-72.864E-03
-297.600E-03,-18.090E-03,-76.382E-03
-295.100E-03,-18.090E-03,-74.874E-03
-292.600E-03,-17.085E-03,-76.382E-03
-290.100E-03,-13.568E-03,-78.392E-03
-287.600E-03,-12.060E-03,-78.392E-03
-285.100E-03,-10.553E-03,-83.417E-03
-282.600E-03,-10.050E-03,-81.407E-03
-280.100E-03,-9.045E-03,-80.402E-03
-277.600E-03,-8.040E-03,-82.412E-03
-275.100E-03,-6.030E-03,-82.412E-03
-272.600E-03,-7.035E-03,-81.407E-03
-270.100E-03,-2.010E-03,-84.422E-03
-267.600E-03,-2.010E-03,-84.422E-03
-265.100E-03,-4.523E-03,-87.437E-03
-262.600E-03,+2.010E-03,-87.437E-03
-260.100E-03,+1.508E-03,-84.422E-03
-257.600E-03,-2.010E-03,-90.452E-03
-255.100E-03,+6.533E-03,-85.930E-03
-252.600E-03,+5.025E-03,-88.442E-03
-250.100E-03,+9.548E-03,-89.950E-03
-247.600E-03,+8.040E-03,-88.442E-03
-245.100E-03,+7.035E-03,-86.935E-03
-242.600E-03,+11.055E-03,-88.442E-03
-240.100E-03,+13.568E-03,-88.442E-03
-237.600E-03,+14.070E-03,-88.442E-03
-235.100E-03,+19.598E-03,-91.457E-03
-232.600E-03,+15.075E-03,-89.447E-03
-230.100E-03,+18.090E-03,-88.945E-03
-227.600E-03,+22.111E-03,-90.452E-03
-225.100E-03,+20.603E-03,-91.457E-03
-222.600E-03,+27.136E-03,-88.442E-03
-220.100E-03,+24.121E-03,-91.960E-03
-217.600E-03,+26.131E-03,-90.452E-03
-215.100E-03,+29.648E-03,-88.442E-03
-212.600E-03,+30.151E-03,-88.442E-03
-210.100E-03,+30.151E-03,-89.950E-03
-207.600E-03,+36.181E-03,-88.442E-03
-205.100E-03,+33.668E-03,-89.950E-03
-202.600E-03,+33.166E-03,-88.442E-03
-200.100E-03,+37.186E-03,-86.935E-03
-197.600E-03,+38.191E-03,-88.442E-03
-195.100E-03,+37.186E-03,-89.447E-03
-192.600E-03,+42.211E-03,-86.432E-03
-190.100E-03,+42.211E-03,-86.432E-03
-187.600E-03,+46.231E-03,-84.422E-03
-185.100E-03,+46.734E-03,-82.915E-03
-182.600E-03,+46.231E-03,-84.422E-03
-180.100E-03,+47.236E-03,-82.412E-03
-177.600E-03,+48.241E-03,-82.412E-03
-175.100E-03,+50.251E-03,-80.402E-03
-172.600E-03,+52.261E-03,-80.402E-03
-170.100E-03,+52.261E-03,-80.402E-03
-167.600E-03,+54.271E-03,-80.402E-03
-165.100E-03,+56.281E-03,-76.382E-03
-162.600E-03,+56.281E-03,-77.387E-03
-160.100E-03,+60.302E-03,-76.382E-03
-157.600E-03,+60.302E-03,-74.372E-03
-155.100E-03,+58.291E-03,-75.879E-03
-152.600E-03,+62.312E-03,-73.367E-03
-150.100E-03,+63.819E-03,-73.367E-03
-147.600E-03,+62.312E-03,-70.352E-03
-145.100E-03,+66.332E-03,-68.342E-03
-142.600E-03,+64.322E-03,-69.347E-03
-140.100E-03,+65.327E-03,-68.342E-03
-137.600E-03,+68.342E-03,-68.342E-03
-135.100E-03,+68.844E-03,-65.829E-03
-132.600E-03,+67.337E-03,-67.337E-03
-130.100E-03,+71.859E-03,-63.819E-03
-127.600E-03,+70.352E-03,-62.312E-03
-125.100E-03,+74.372E-03,-58.291E-03
-122.600E-03,+74.372E-03,-57.286E-03
-120.100E-03,+73.869E-03,-58.794E-03
-117.600E-03,+78.392E-03,-54.271E-03
-115.100E-03,+74.874E-03,-55.779E-03
-112.600E-03,+78.392E-03,-55.276E-03
-110.100E-03,+78.392E-03,-50.754E-03
-107.600E-03,+80.402E-03,-50.251E-03
-105.100E-03,+78.894E-03,-50.251E-03
-102.600E-03,+81.407E-03,-46.231E-03
-100.100E-03,+78.894E-03,-45.226E-03
-97.600E-03,+80.402E-03,-50.251E-03
-95.100E-03,+81.910E-03,-42.211E-03
-92.600E-03,+81.407E-03,-41.206E-03
-90.100E-03,+83.920E-03,-38.191E-03
-87.600E-03,+80.402E-03,-38.191E-03
-85.100E-03,+83.920E-03,-38.191E-03
-82.600E-03,+82.412E-03,-34.171E-03
-80.100E-03,+84.422E-03,-33.668E-03
-77.600E-03,+82.412E-03,-32.161E-03
-75.100E-03,+85.427E-03,-29.648E-03
-72.600E-03,+83.417E-03,-28.141E-03
-70.100E-03,+84.422E-03,-28.643E-03
-67.600E-03,+84.422E-03,-26.131E-03
-65.100E-03,+85.930E-03,-23.618E-03
-62.600E-03,+85.427E-03,-18.090E-03
-60.100E-03,+85.930E-03,-19.598E-03
-57.600E-03,+84.422E-03,-20.101E-03
-55.100E-03,+84.925E-03,-16.080E-03
-52.600E-03,+85.427E-03,-17.085E-03
-50.100E-03,+84.422E-03,-16.080E-03
-47.600E-03,+84.422E-03,-16.080E-03
-45.100E-03,+82.915E-03,-12.060E-03
-42.600E-03,+84.422E-03,-11.055E-03
-40.100E-03,+84.422E-03,-6.533E-03
-37.600E-03,+82.412E-03,-6.030E-03
-35.100E-03,+82.412E-03,-9.045E-03
-32.600E-03,+82.412E-03,-1.005E-03
-30.100E-03,+80.402E-03,-1.508E-03
-27.600E-03,+78.392E-03,+2.010E-03
-25.100E-03,+80.402E-03,+0.0E+00
-22.600E-03,+80.402E-03,+1.005E-03
-20.100E-03,+80.402E-03,+8.040E-03
-17.600E-03,+78.392E-03,+10.050E-03
-15.100E-03,+80.402E-03,+6.030E-03
-12.600E-03,+77.387E-03,+9.045E-03
-10.100E-03,+76.382E-03,+10.050E-03
-7.600E-03,+76.382E-03,+10.050E-03
-5.100E-03,+74.874E-03,+12.563E-03
-2.600E-03,+74.372E-03,+14.070E-03
-100E-06,+75.879E-03,+14.070E-03
+2.400E-03,+74.372E-03,+16.080E-03
+4.900E-03,+73.869E-03,+18.090E-03
+7.400E-03,+70.352E-03,+21.106E-03
+9.900E-03,+71.859E-03,+23.116E-03
+12.400E-03,+70.352E-03,+22.111E-03
+14.900E-03,+66.834E-03,+24.623E-03
+17.400E-03,+67.337E-03,+26.131E-03
+19.900E-03,+67.839E-03,+24.623E-03
+22.400E-03,+64.322E-03,+28.141E-03
+24.900E-03,+63.819E-03,+28.141E-03
+27.400E-03,+65.327E-03,+28.141E-03
+29.900E-03,+62.312E-03,+30.151E-03
+32.400E-03,+60.302E-03,+30.151E-03
+34.900E-03,+56.784E-03,+32.663E-03
+37.400E-03,+56.281E-03,+33.166E-03
+39.900E-03,+58.291E-03,+33.668E-03
+42.400E-03,+56.281E-03,+38.191E-03
+44.900E-03,+53.769E-03,+34.673E-03
+47.400E-03,+55.276E-03,+33.166E-03
+49.900E-03,+49.749E-03,+34.673E-03
+52.400E-03,+52.261E-03,+38.191E-03
+54.900E-03,+52.261E-03,+36.181E-03
+57.400E-03,+47.236E-03,+39.196E-03
+59.900E-03,+47.236E-03,+39.698E-03
+62.400E-03,+48.241E-03,+38.191E-03
+64.900E-03,+42.211E-03,+40.201E-03
+67.400E-03,+43.216E-03,+41.206E-03
+69.900E-03,+39.698E-03,+40.201E-03
+72.400E-03,+38.191E-03,+42.211E-03
+74.900E-03,+38.191E-03,+42.211E-03
+77.400E-03,+34.171E-03,+42.211E-03
+79.900E-03,+34.171E-03,+42.714E-03
+82.400E-03,+34.171E-03,+44.221E-03
+84.900E-03,+32.663E-03,+43.719E-03
+87.400E-03,+30.151E-03,+42.211E-03
+89.900E-03,+31.658E-03,+43.719E-03
+92.400E-03,+26.131E-03,+44.221E-03
+94.900E-03,+26.633E-03,+40.704E-03
+97.400E-03,+24.121E-03,+43.216E-03
+99.900E-03,+22.111E-03,+43.719E-03
+102.400E-03,+22.111E-03,+46.231E-03
+104.900E-03,+16.080E-03,+42.714E-03
+107.400E-03,+20.101E-03,+42.211E-03
+109.900E-03,+18.090E-03,+43.719E-03
+112.400E-03,+14.070E-03,+44.221E-03
+114.900E-03,+16.080E-03,+43.719E-03
+117.400E-03,+14.070E-03,+42.211E-03
+119.900E-03,+12.060E-03,+42.211E-03
+122.400E-03,+12.060E-03,+42.211E-03
+124.900E-03,+9.548E-03,+43.216E-03
+127.400E-03,+7.035E-03,+40.201E-03
+129.900E-03,+7.035E-03,+40.201E-03
+132.400E-03,+0.0E+00,+38.191E-03
+134.900E-03,+1.508E-03,+39.698E-03
+137.400E-03,+2.010E-03,+38.191E-03
+139.900E-03,+0.0E+00,+36.683E-03
+142.400E-03,-0.0E+00,+36.181E-03
+144.900E-03,-2.010E-03,+36.683E-03
+147.400E-03,-3.015E-03,+36.181E-03
+149.900E-03,-4.523E-03,+36.181E-03
+152.400E-03,-4.020E-03,+36.181E-03
+154.900E-03,-8.543E-03,+34.171E-03
+157.400E-03,-9.045E-03,+32.161E-03
+159.900E-03,-6.533E-03,+33.668E-03
+162.400E-03,-10.050E-03,+30.151E-03
+164.900E-03,-11.558E-03,+30.151E-03
+167.400E-03,-14.070E-03,+28.141E-03
+169.900E-03,-15.578E-03,+30.151E-03
+172.400E-03,-16.080E-03,+28.141E-03
+174.900E-03,-16.583E-03,+27.136E-03
+177.400E-03,-17.085E-03,+26.131E-03
+179.900E-03,-19.598E-03,+26.131E-03
+182.400E-03,-22.111E-03,+20.101E-03
+184.900E-03,-21.608E-03,+21.608E-03
+187.400E-03,-20.101E-03,+21.106E-03
+189.900E-03,-21.608E-03,+17.085E-03
+192.400E-03,-22.111E-03,+20.101E-03
+194.900E-03,-23.116E-03,+14.573E-03
+197.400E-03,-25.126E-03,+14.070E-03
+199.900E-03,-24.623E-03,+16.080E-03
+202.400E-03,-28.141E-03,+10.050E-03
+204.900E-03,-26.131E-03,+10.553E-03
+207.400E-03,-28.141E-03,+13.065E-03
+209.900E-03,-28.141E-03,+6.030E-03
+212.400E-03,-30.151E-03,+6.030E-03
+214.900E-03,-31.658E-03,+7.035E-03
+217.400E-03,-30.151E-03,+5.025E-03
+219.900E-03,-30.653E-03,+4.020E-03
+222.400E-03,-32.161E-03,+4.020E-03
+224.900E-03,-32.663E-03,+1.508E-03
+227.400E-03,-32.161E-03,+0.0E+00
+229.900E-03,-30.653E-03,+503E-06
+232.400E-03,-34.171E-03,-4.020E-03
+234.900E-03,-33.166E-03,-4.020E-03
+237.400E-03,-35.176E-03,-6.030E-03
+239.900E-03,-36.181E-03,-8.040E-03
+242.400E-03,-34.171E-03,-6.030E-03
+244.900E-03,-36.181E-03,-10.553E-03
+247.400E-03,-35.176E-03,-13.065E-03
+249.900E-03,-38.191E-03,-11.558E-03
+252.400E-03,-36.181E-03,-18.090E-03
+254.900E-03,-36.181E-03,-15.578E-03
+257.400E-03,-36.181E-03,-15.075E-03
+259.900E-03,-32.663E-03,+12.563E-03
+262.400E-03,-28.141E-03,+12.060E-03
+264.900E-03,-30.151E-03,+10.553E-03
+267.400E-03,-33.166E-03,+5.025E-03
+269.900E-03,-32.663E-03,+8.040E-03
+272.400E-03,-32.161E-03,+4.020E-03
+274.900E-03,-34.171E-03,+4.523E-03
+277.400E-03,-34.171E-03,+3.015E-03
+279.900E-03,-36.683E-03,+1.508E-03
+282.400E-03,-38.191E-03,+0.0E+00
+284.900E-03,-36.181E-03,-1.005E-03
+287.400E-03,-38.191E-03,-6.030E-03
+289.900E-03,-38.191E-03,-5.528E-03
+292.400E-03,-38.191E-03,-4.020E-03
+294.900E-03,-38.693E-03,-8.040E-03
+297.400E-03,-38.191E-03,-9.045E-03
+299.900E-03,-40.201E-03,-8.543E-03
+302.400E-03,-40.201E-03,-16.080E-03
+304.900E-03,-37.186E-03,-15.578E-03
+307.400E-03,-39.196E-03,-18.090E-03
+309.900E-03,-41.709E-03,-18.593E-03
+312.400E-03,-40.201E-03,-18.090E-03
+314.900E-03,-40.201E-03,-24.121E-03
+317.400E-03,-40.201E-03,-23.116E-03
+319.900E-03,-40.201E-03,-24.121E-03
+322.400E-03,-38.191E-03,-28.141E-03
+324.900E-03,-38.191E-03,-27.638E-03
+327.400E-03,-41.206E-03,-28.141E-03
+329.900E-03,-38.693E-03,-33.668E-03
+332.400E-03,-40.201E-03,-30.151E-03
+334.900E-03,-36.181E-03,-37.688E-03
+337.400E-03,-41.206E-03,-37.186E-03
+339.900E-03,-38.191E-03,-38.191E-03
+342.400E-03,-36.181E-03,-42.211E-03
+344.900E-03,-38.191E-03,-40.201E-03
+347.400E-03,-38.191E-03,-41.206E-03
+349.900E-03,-37.186E-03,-47.236E-03
+352.400E-03,-34.171E-03,-46.231E-03
+354.900E-03,-35.176E-03,-48.241E-03
+357.400E-03,-37.186E-03,-50.251E-03
+359.900E-03,-34.673E-03,-50.251E-03
+362.400E-03,-34.171E-03,-50.251E-03
+364.900E-03,-32.161E-03,-54.774E-03
+367.400E-03,-32.161E-03,-54.271E-03
+369.900E-03,-31.658E-03,-58.794E-03
+372.400E-03,-28.141E-03,-58.291E-03
+374.900E-03,-32.161E-03,-59.296E-03
+377.400E-03,-28.141E-03,-61.307E-03
+379.900E-03,-27.638E-03,-62.312E-03
+382.400E-03,-30.151E-03,-64.322E-03
+384.900E-03,-25.628E-03,-68.342E-03
+387.400E-03,-26.131E-03,-67.337E-03
+389.900E-03,-25.628E-03,-64.824E-03
+392.400E-03,-24.121E-03,-72.362E-03
+394.900E-03,-23.618E-03,-69.347E-03
+397.400E-03,-23.116E-03,-69.347E-03
+399.900E-03,-20.101E-03,-70.854E-03
+402.400E-03,-20.101E-03,-72.362E-03
+404.900E-03,-14.573E-03,-74.874E-03
+407.400E-03,-16.080E-03,-77.387E-03
+409.900E-03,-16.583E-03,-78.392E-03
+412.400E-03,-12.060E-03,-78.392E-03
+414.900E-03,-13.568E-03,-76.884E-03
+417.400E-03,-16.080E-03,-77.387E-03
+419.900E-03,-12.060E-03,-81.910E-03
+422.400E-03,-10.050E-03,-80.402E-03
+424.900E-03,-9.548E-03,-82.412E-03
+427.400E-03,-6.030E-03,-84.422E-03
+429.900E-03,-6.533E-03,-83.417E-03
+432.400E-03,-8.040E-03,-82.412E-03
+434.900E-03,-4.020E-03,-84.422E-03
+437.400E-03,-4.020E-03,-85.427E-03
+439.900E-03,+2.010E-03,-84.422E-03
+442.400E-03,+0.0E+00,-84.422E-03
+444.900E-03,+1.508E-03,-87.940E-03
+447.400E-03,+4.020E-03,-85.427E-03
+449.900E-03,+4.020E-03,-87.437E-03
+452.400E-03,+4.020E-03,-88.442E-03
+454.900E-03,+9.548E-03,-88.442E-03
+457.400E-03,+8.040E-03,-89.447E-03
+459.900E-03,+9.548E-03,-87.940E-03
+462.400E-03,+12.060E-03,-86.432E-03
+464.900E-03,+13.568E-03,-89.950E-03
+467.400E-03,+17.085E-03,-89.447E-03
+469.900E-03,+18.593E-03,-90.452E-03
+472.400E-03,+20.101E-03,-88.442E-03
+474.900E-03,+22.111E-03,-88.442E-03
+477.400E-03,+23.116E-03,-89.447E-03
+479.900E-03,+21.608E-03,-90.452E-03
+482.400E-03,+24.121E-03,-90.452E-03
+484.900E-03,+24.121E-03,-89.950E-03
+487.400E-03,+25.126E-03,-90.452E-03
+489.900E-03,+30.151E-03,-86.432E-03
+492.400E-03,+30.151E-03,-92.462E-03
+494.900E-03,+30.151E-03,-89.950E-03
+497.400E-03,+34.171E-03,-88.442E-03
+499.900E-03,+33.668E-03,-86.935E-03
+502.400E-03,+38.191E-03,-86.432E-03
+504.900E-03,+36.683E-03,-86.432E-03
+507.400E-03,+37.186E-03,-87.437E-03
+509.900E-03,+42.211E-03,-88.442E-03
+512.400E-03,+42.211E-03,-82.412E-03
+514.900E-03,+41.709E-03,-84.925E-03
+517.400E-03,+45.226E-03,-82.412E-03
+519.900E-03,+46.231E-03,-82.915E-03
+522.400E-03,+46.231E-03,-84.422E-03
+524.900E-03,+48.744E-03,-82.412E-03
+527.400E-03,+48.241E-03,-83.417E-03
+529.900E-03,+50.251E-03,-84.422E-03
+532.400E-03,+52.261E-03,-82.412E-03
+534.900E-03,+52.261E-03,-80.402E-03
+537.400E-03,+57.286E-03,-77.387E-03
+539.900E-03,+56.784E-03,-78.894E-03
+542.400E-03,+54.271E-03,-78.392E-03
+544.900E-03,+60.804E-03,-73.367E-03
+547.400E-03,+59.296E-03,-74.372E-03
+549.900E-03,+61.307E-03,-74.874E-03
+552.400E-03,+62.312E-03,-74.372E-03
+554.900E-03,+62.814E-03,-70.352E-03
+557.400E-03,+61.307E-03,-72.362E-03
+559.900E-03,+66.332E-03,-68.342E-03
+562.400E-03,+68.342E-03,-68.342E-03
+564.900E-03,+69.347E-03,-64.824E-03
+567.400E-03,+69.347E-03,-66.332E-03
+569.900E-03,+69.849E-03,-65.829E-03
+572.400E-03,+70.352E-03,-64.322E-03
+574.900E-03,+70.854E-03,-62.312E-03
+577.400E-03,+73.367E-03,-62.312E-03
+579.900E-03,+73.869E-03,-57.789E-03
+582.400E-03,+74.372E-03,-60.302E-03
+584.900E-03,+72.864E-03,-56.784E-03
+587.400E-03,+77.387E-03,-55.276E-03
+589.900E-03,+75.879E-03,-54.774E-03
+592.400E-03,+78.392E-03,-54.271E-03
+594.900E-03,+78.392E-03,-50.251E-03
+597.400E-03,+79.397E-03,-50.251E-03
+599.900E-03,+80.402E-03,-46.231E-03
+602.400E-03,+80.402E-03,-44.221E-03
+604.900E-03,+80.402E-03,-47.236E-03
+607.400E-03,+81.407E-03,-41.206E-03
+609.900E-03,+81.910E-03,-40.704E-03
+612.400E-03,+82.412E-03,-42.211E-03
+614.900E-03,+82.412E-03,-37.688E-03
+617.400E-03,+82.412E-03,-37.186E-03
+619.900E-03,+82.412E-03,-36.683E-03
+622.400E-03,+82.412E-03,-32.161E-03
+624.900E-03,+82.412E-03,-33.668E-03
+627.400E-03,+83.417E-03,-33.166E-03
+629.900E-03,+85.427E-03,-28.141E-03
+632.400E-03,+82.412E-03,-28.141E-03
+634.900E-03,+82.412E-03,-24.623E-03
+637.400E-03,+84.422E-03,-25.126E-03
+639.900E-03,+84.925E-03,-24.623E-03
+642.400E-03,+84.422E-03,-22.111E-03
+644.900E-03,+81.407E-03,-20.101E-03
+647.400E-03,+85.427E-03,-19.095E-03
+649.900E-03,+84.422E-03,-14.070E-03
+652.400E-03,+84.422E-03,-16.080E-03
+654.900E-03,+82.915E-03,-16.080E-03
+657.400E-03,+84.422E-03,-11.055E-03
+659.900E-03,+84.422E-03,-11.558E-03
+662.400E-03,+84.422E-03,-8.040E-03
+664.900E-03,+85.930E-03,-6.030E-03
+667.400E-03,+85.427E-03,-9.045E-03
+669.900E-03,+81.910E-03,-2.010E-03
+672.400E-03,+82.412E-03,-4.020E-03
+674.900E-03,+82.915E-03,-3.015E-03
+677.400E-03,+81.407E-03,+3.015E-03
+679.900E-03,+80.905E-03,+2.010E-03
+682.400E-03,+82.412E-03,+2.010E-03
+684.900E-03,+77.889E-03,+5.528E-03
+687.400E-03,+77.387E-03,+5.025E-03
+689.900E-03,+78.392E-03,+6.030E-03
+692.400E-03,+80.402E-03,+8.040E-03
+694.900E-03,+78.392E-03,+10.050E-03
+697.400E-03,+73.367E-03,+14.070E-03
+699.900E-03,+75.377E-03,+13.568E-03
+702.400E-03,+76.382E-03,+14.070E-03
+704.900E-03,+74.372E-03,+16.080E-03
+707.400E-03,+72.362E-03,+18.090E-03
+709.900E-03,+75.879E-03,+19.598E-03
+712.400E-03,+70.352E-03,+20.101E-03
+714.900E-03,+71.859E-03,+22.111E-03
+717.400E-03,+70.352E-03,+22.111E-03
+719.900E-03,+70.352E-03,+22.613E-03
+722.400E-03,+70.352E-03,+22.111E-03
+724.900E-03,+64.824E-03,+24.121E-03
+727.400E-03,+65.327E-03,+27.136E-03
+729.900E-03,+65.829E-03,+28.141E-03
+732.400E-03,+60.302E-03,+28.141E-03
+734.900E-03,+60.804E-03,+31.156E-03
+737.400E-03,+63.317E-03,+30.151E-03
+739.900E-03,+58.291E-03,+32.161E-03
+742.400E-03,+58.291E-03,+32.161E-03
+744.900E-03,+57.789E-03,+33.668E-03
+747.400E-03,+52.261E-03,+35.176E-03
+749.900E-03,+54.271E-03,+34.673E-03
+752.400E-03,+56.281E-03,+36.181E-03
+754.900E-03,+49.749E-03,+37.688E-03
+757.400E-03,+51.256E-03,+36.181E-03
+759.900E-03,+47.236E-03,+38.693E-03
+762.400E-03,+46.231E-03,+36.181E-03
+764.900E-03,+44.724E-03,+36.683E-03
+767.400E-03,+42.211E-03,+41.206E-03
+769.900E-03,+42.714E-03,+41.206E-03
+772.400E-03,+44.221E-03,+40.201E-03
+774.900E-03,+36.683E-03,+40.704E-03
+777.400E-03,+38.191E-03,+41.206E-03
+779.900E-03,+39.196E-03,+43.216E-03
+782.400E-03,+34.171E-03,+42.211E-03
+784.900E-03,+37.186E-03,+42.211E-03
+787.400E-03,+36.181E-03,+43.216E-03
+789.900E-03,+31.658E-03,+42.714E-03
+792.400E-03,+28.141E-03,+44.221E-03
+794.900E-03,+26.633E-03,+44.221E-03
+797.400E-03,+27.136E-03,+43.216E-03
+799.900E-03,+26.633E-03,+44.221E-03
+802.400E-03,+22.111E-03,+44.221E-03
+804.900E-03,+20.603E-03,+43.719E-03
+807.400E-03,+22.111E-03,+42.211E-03
+809.900E-03,+18.593E-03,+44.221E-03
+812.400E-03,+20.101E-03,+44.221E-03
+814.900E-03,+18.090E-03,+43.719E-03
+817.400E-03,+13.065E-03,+42.211E-03
+819.900E-03,+14.070E-03,+44.221E-03
+822.400E-03,+16.080E-03,+42.211E-03
+824.900E-03,+8.543E-03,+40.704E-03
+827.400E-03,+12.060E-03,+41.206E-03
+829.900E-03,+6.030E-03,+38.191E-03
+832.400E-03,+8.040E-03,+40.201E-03
+834.900E-03,+6.030E-03,+42.211E-03
+837.400E-03,+3.015E-03,+40.201E-03
+839.900E-03,+3.518E-03,+39.196E-03
+842.400E-03,+4.020E-03,+36.181E-03
+844.900E-03,-503E-06,+38.191E-03
+847.400E-03,-0.0E+00,+37.186E-03
+849.900E-03,-1.005E-03,+36.683E-03
+852.400E-03,-6.030E-03,+38.191E-03
+854.900E-03,-5.528E-03,+34.171E-03
+857.400E-03,-8.040E-03,+34.171E-03
+859.900E-03,-8.040E-03,+34.171E-03
+862.400E-03,-6.030E-03,+32.161E-03
+864.900E-03,-10.553E-03,+30.151E-03
+867.400E-03,-11.055E-03,+32.161E-03
+869.900E-03,-12.060E-03,+31.658E-03
+872.400E-03,-14.070E-03,+28.141E-03
+874.900E-03,-12.563E-03,+28.141E-03
+877.400E-03,-13.065E-03,+29.146E-03
+879.900E-03,-16.080E-03,+25.628E-03
+882.400E-03,-18.090E-03,+26.131E-03
+884.900E-03,-18.090E-03,+26.633E-03
+887.400E-03,-20.101E-03,+23.116E-03
+889.900E-03,-18.090E-03,+20.603E-03
+892.400E-03,-24.121E-03,+18.090E-03
+894.900E-03,-24.623E-03,+19.598E-03
+897.400E-03,-24.121E-03,+19.095E-03
+899.900E-03,-24.623E-03,+16.080E-03
+902.400E-03,-24.121E-03,+14.070E-03
+904.900E-03,-25.628E-03,+14.070E-03
+907.400E-03,-27.136E-03,+10.050E-03
+909.900E-03,-27.638E-03,+12.060E-03
+912.400E-03,-28.141E-03,+12.060E-03
+914.900E-03,-30.151E-03,+8.040E-03
+917.400E-03,-30.151E-03,+8.040E-03
+919.900E-03,-30.151E-03,+7.035E-03
+922.400E-03,-32.161E-03,+4.020E-03
+924.900E-03,-31.658E-03,+4.020E-03
+927.400E-03,-34.171E-03,-1.005E-03
+929.900E-03,-34.171E-03,-503E-06
+932.400E-03,-30.151E-03,+0.0E+00
+934.900E-03,-33.668E-03,-2.513E-03
+937.400E-03,-34.171E-03,-4.020E-03
+939.900E-03,-33.166E-03,-3.015E-03
+942.400E-03,-36.181E-03,-6.030E-03
+944.900E-03,-35.176E-03,-6.030E-03
+947.400E-03,-34.171E-03,-7.035E-03
+949.900E-03,-36.181E-03,-12.060E-03
+952.400E-03,-36.181E-03,-12.060E-03
+954.900E-03,-36.181E-03,-10.553E-03
+957.400E-03,-36.181E-03,-15.075E-03
+959.900E-03,-38.191E-03,-16.080E-03
+962.400E-03,-30.151E-03,+14.070E-03
+964.900E-03,-29.648E-03,+11.558E-03
+967.400E-03,-29.146E-03,+12.060E-03
+969.900E-03,-31.658E-03,+6.533E-03
+972.400E-03,-32.161E-03,+8.040E-03
+974.900E-03,-32.161E-03,+8.040E-03
+977.400E-03,-34.171E-03,+5.025E-03
+979.900E-03,-34.171E-03,+4.523E-03
+982.400E-03,-34.171E-03,+4.020E-03
+984.900E-03,-35.678E-03,+0.0E+00
+987.400E-03,-35.176E-03,+1.005E-03
+989.900E-03,-36.683E-03,+0.0E+00
+992.400E-03,-40.201E-03,-6.030E-03
+994.900E-03,-37.186E-03,-4.523E-03
+997.400E-03,-39.196E-03,-7.035E-03
+999.900E-03,-36.683E-03,-9.548E-03
+1.002400E+00,-38.191E-03,-10.050E-03
+1.004900E+00,-38.191E-03,-14.070E-03
+1.007400E+00,-39.196E-03,-14.070E-03
+1.009900E+00,-40.704E-03,-14.573E-03
+1.012400E+00,-40.201E-03,-22.111E-03
+1.014900E+00,-39.698E-03,-19.598E-03
+1.017400E+00,-40.201E-03,-19.095E-03
+1.019900E+00,-39.698E-03,-21.608E-03
+1.022400E+00,-38.191E-03,-24.121E-03
+1.024900E+00,-40.201E-03,-22.613E-03
+1.027400E+00,-41.206E-03,-28.141E-03
+1.029900E+00,-39.698E-03,-29.648E-03
+1.032400E+00,-38.191E-03,-34.171E-03
+1.034900E+00,-40.201E-03,-32.663E-03
+1.037400E+00,-41.206E-03,-33.166E-03
+1.039900E+00,-39.698E-03,-37.186E-03
+1.042400E+00,-40.201E-03,-36.181E-03
+1.044900E+00,-38.191E-03,-37.688E-03
+1.047400E+00,-39.196E-03,-42.211E-03
+1.049900E+00,-38.191E-03,-43.719E-03
+1.052400E+00,-38.191E-03,-40.201E-03
+1.054900E+00,-36.683E-03,-47.739E-03
+1.057400E+00,-37.186E-03,-46.231E-03
+1.059900E+00,-37.688E-03,-45.226E-03
+1.062400E+00,-36.181E-03,-50.251E-03
+1.064900E+00,-36.181E-03,-50.754E-03
+1.067400E+00,-32.161E-03,-54.271E-03
+1.069900E+00,-33.166E-03,-53.769E-03
+1.072400E+00,-36.181E-03,-56.281E-03
+1.074900E+00,-31.658E-03,-59.296E-03
+1.077400E+00,-31.156E-03,-58.291E-03
+1.079900E+00,-31.156E-03,-60.302E-03
+1.082400E+00,-28.141E-03,-62.312E-03
+1.084900E+00,-29.648E-03,-62.814E-03
+1.087400E+00,-29.146E-03,-62.312E-03
+1.089900E+00,-26.131E-03,-66.332E-03
+1.092400E+00,-28.141E-03,-62.312E-03
+1.094900E+00,-25.628E-03,-68.342E-03
+1.097400E+00,-24.121E-03,-71.357E-03
+1.099900E+00,-22.111E-03,-70.352E-03
+1.102400E+00,-20.101E-03,-72.362E-03
+1.104900E+00,-19.598E-03,-72.864E-03
+1.107400E+00,-19.095E-03,-75.377E-03
+1.109900E+00,-16.583E-03,-76.884E-03
+1.112400E+00,-18.090E-03,-76.382E-03
+1.114900E+00,-17.085E-03,-77.387E-03
+1.117400E+00,-13.065E-03,-79.397E-03
+1.119900E+00,-12.563E-03,-78.392E-03
+1.122400E+00,-14.070E-03,-76.382E-03
+1.124900E+00,-10.050E-03,-82.412E-03
+1.127400E+00,-9.045E-03,-83.417E-03
+1.129900E+00,-8.040E-03,-81.910E-03
+1.132400E+00,-8.040E-03,-82.412E-03
+1.134900E+00,-6.030E-03,-82.915E-03
+1.137400E+00,-2.010E-03,-84.422E-03
+1.139900E+00,-5.528E-03,-84.422E-03
+1.142400E+00,-2.010E-03,-82.412E-03
+1.144900E+00,+2.513E-03,-86.935E-03
+1.147400E+00,+2.010E-03,-86.432E-03
+1.149900E+00,-1.508E-03,-86.432E-03
+1.152400E+00,+4.020E-03,-88.442E-03
+1.154900E+00,+4.020E-03,-88.442E-03
+1.157400E+00,+3.015E-03,-87.437E-03
+1.159900E+00,+9.045E-03,-90.452E-03
+1.162400E+00,+8.040E-03,-88.442E-03
+1.164900E+00,+10.050E-03,-88.945E-03
+1.167400E+00,+12.060E-03,-88.442E-03
+1.169900E+00,+12.060E-03,-88.442E-03
+1.172400E+00,+16.080E-03,-90.452E-03
+1.174900E+00,+18.090E-03,-88.442E-03
+1.177400E+00,+18.090E-03,-89.447E-03
+1.179900E+00,+20.603E-03,-88.442E-03
+1.182400E+00,+22.111E-03,-90.452E-03
+1.184900E+00,+21.608E-03,-90.452E-03
+1.187400E+00,+25.126E-03,-90.452E-03
+1.189900E+00,+26.131E-03,-90.955E-03
+1.192400E+00,+26.131E-03,-90.452E-03
+1.194900E+00,+32.161E-03,-88.442E-03
+1.197400E+00,+29.146E-03,-88.442E-03
+1.199900E+00,+33.668E-03,-88.442E-03
+1.202400E+00,+34.171E-03,-90.452E-03
+1.204900E+00,+33.668E-03,-89.447E-03
+1.207400E+00,+39.196E-03,-87.437E-03
+1.209900E+00,+40.201E-03,-88.442E-03
+1.212400E+00,+36.181E-03,-88.442E-03
+1.214900E+00,+42.211E-03,-84.422E-03
+1.217400E+00,+42.211E-03,-84.422E-03
+1.219900E+00,+38.693E-03,-84.925E-03
+1.222400E+00,+46.231E-03,-84.422E-03
+1.224900E+00,+46.231E-03,-84.422E-03
+1.227400E+00,+48.241E-03,-82.412E-03
+1.229900E+00,+50.251E-03,-81.910E-03
+1.232400E+00,+52.261E-03,-80.402E-03
+1.234900E+00,+55.779E-03,-80.402E-03
+1.237400E+00,+53.266E-03,-79.397E-03
+1.239900E+00,+52.261E-03,-78.894E-03
+1.242400E+00,+58.291E-03,-76.382E-03
+1.244900E+00,+56.784E-03,-79.899E-03
+1.247400E+00,+56.281E-03,-78.392E-03
+1.249900E+00,+60.302E-03,-77.387E-03
+1.252400E+00,+58.291E-03,-72.362E-03
+1.254900E+00,+60.302E-03,-74.874E-03
+1.257400E+00,+64.322E-03,-72.362E-03
+1.259900E+00,+62.312E-03,-70.352E-03
+1.262400E+00,+64.322E-03,-70.352E-03
+1.264900E+00,+66.332E-03,-67.839E-03
+1.267400E+00,+66.332E-03,-69.347E-03
+1.269900E+00,+69.849E-03,-63.819E-03
+1.272400E+00,+68.342E-03,-68.342E-03
+1.274900E+00,+69.849E-03,-64.824E-03
+1.277400E+00,+71.357E-03,-61.307E-03
+1.279900E+00,+72.362E-03,-62.312E-03
+1.282400E+00,+72.362E-03,-62.312E-03
+1.284900E+00,+74.372E-03,-58.794E-03
+1.287400E+00,+75.377E-03,-59.296E-03
+1.289900E+00,+74.372E-03,-57.789E-03
+1.292400E+00,+76.382E-03,-54.271E-03
+1.294900E+00,+76.382E-03,-52.764E-03
+1.297400E+00,+77.387E-03,-50.251E-03
+1.299900E+00,+78.392E-03,-50.251E-03
+1.302400E+00,+80.402E-03,-52.261E-03
+1.304900E+00,+78.894E-03,-46.231E-03
+1.307400E+00,+79.397E-03,-47.236E-03
+1.309900E+00,+79.899E-03,-47.739E-03
+1.312400E+00,+82.412E-03,-42.211E-03
+1.314900E+00,+80.402E-03,-40.704E-03
+1.317400E+00,+81.407E-03,-41.206E-03
+1.319900E+00,+80.402E-03,-36.181E-03
+1.322400E+00,+82.412E-03,-40.201E-03
+1.324900E+00,+83.417E-03,-34.171E-03
+1.327400E+00,+82.412E-03,-34.171E-03
+1.329900E+00,+83.920E-03,-32.663E-03
+1.332400E+00,+84.422E-03,-30.151E-03
+1.334900E+00,+85.930E-03,-30.151E-03
+1.337400E+00,+83.417E-03,-29.146E-03
+1.339900E+00,+82.915E-03,-25.628E-03
+1.342400E+00,+86.432E-03,-24.121E-03
+1.344900E+00,+86.432E-03,-24.121E-03
+1.347400E+00,+84.422E-03,-22.111E-03
+1.349900E+00,+86.432E-03,-20.101E-03
+1.352400E+00,+86.432E-03,-18.090E-03
+1.354900E+00,+86.432E-03,-17.085E-03
+1.357400E+00,+84.422E-03,-16.080E-03
+1.359900E+00,+82.915E-03,-10.050E-03
+1.362400E+00,+84.422E-03,-12.060E-03
+1.364900E+00,+84.925E-03,-11.558E-03
+1.367400E+00,+84.422E-03,-6.030E-03
+1.369900E+00,+85.427E-03,-6.533E-03
+1.372400E+00,+82.412E-03,-6.030E-03
+1.374900E+00,+83.920E-03,-1.508E-03
+1.377400E+00,+82.412E-03,-2.010E-03
+1.379900E+00,+84.422E-03,-2.010E-03
+1.382400E+00,+80.402E-03,+0.0E+00
+1.384900E+00,+80.905E-03,+4.020E-03
+1.387400E+00,+80.402E-03,+4.020E-03
+1.389900E+00,+79.899E-03,+6.030E-03
+1.392400E+00,+80.402E-03,+4.020E-03
+1.394900E+00,+77.889E-03,+10.050E-03
+1.397400E+00,+78.392E-03,+11.055E-03
+1.399900E+00,+78.392E-03,+10.553E-03
+1.402400E+00,+76.382E-03,+16.080E-03
+1.404900E+00,+75.377E-03,+12.563E-03
+1.407400E+00,+75.377E-03,+14.070E-03
+1.409900E+00,+74.372E-03,+17.588E-03
+1.412400E+00,+72.362E-03,+16.080E-03
+1.414900E+00,+72.362E-03,+19.095E-03
+1.417400E+00,+70.352E-03,+21.106E-03
+1.419900E+00,+71.859E-03,+23.618E-03
+1.422400E+00,+68.342E-03,+24.121E-03
+1.424900E+00,+66.834E-03,+26.131E-03
+1.427400E+00,+68.342E-03,+23.116E-03
+1.429900E+00,+64.824E-03,+26.131E-03
+1.432400E+00,+66.332E-03,+28.141E-03
+1.434900E+00,+65.829E-03,+29.648E-03
+1.437400E+00,+61.307E-03,+31.156E-03
+1.439900E+00,+60.302E-03,+31.658E-03
+1.442400E+00,+60.302E-03,+28.141E-03
+1.444900E+00,+57.789E-03,+32.161E-03
+1.447400E+00,+57.286E-03,+34.171E-03
+1.449900E+00,+57.789E-03,+32.663E-03
+1.452400E+00,+56.281E-03,+36.181E-03
+1.454900E+00,+55.779E-03,+36.181E-03
+1.457400E+00,+51.256E-03,+37.186E-03
+1.459900E+00,+51.759E-03,+39.698E-03
+1.462400E+00,+48.241E-03,+36.181E-03
+1.464900E+00,+48.744E-03,+40.201E-03
+1.467400E+00,+48.241E-03,+40.201E-03
+1.469900E+00,+46.231E-03,+38.693E-03
+1.472400E+00,+42.211E-03,+42.211E-03
+1.474900E+00,+42.714E-03,+41.709E-03
+1.477400E+00,+43.216E-03,+40.201E-03
+1.479900E+00,+40.201E-03,+40.201E-03
+1.482400E+00,+40.201E-03,+42.211E-03
+1.484900E+00,+40.201E-03,+41.206E-03
+1.487400E+00,+37.186E-03,+42.211E-03
+1.489900E+00,+34.171E-03,+40.704E-03
+1.492400E+00,+30.151E-03,+44.221E-03
+1.494900E+00,+31.658E-03,+40.704E-03
+1.497400E+00,+30.151E-03,+46.231E-03
+1.499900E+00,+27.638E-03,+42.714E-03
+1.502400E+00,+26.131E-03,+42.211E-03
+1.504900E+00,+26.633E-03,+42.211E-03
+1.507400E+00,+23.116E-03,+43.216E-03
+1.509900E+00,+21.608E-03,+42.211E-03
+1.512400E+00,+24.121E-03,+42.211E-03
+1.514900E+00,+18.090E-03,+43.216E-03
+1.517400E+00,+20.101E-03,+42.211E-03
+1.519900E+00,+14.573E-03,+42.211E-03
+1.522400E+00,+14.070E-03,+42.211E-03
+1.524900E+00,+15.578E-03,+42.211E-03
+1.527400E+00,+9.045E-03,+41.206E-03
+1.529900E+00,+12.060E-03,+40.704E-03
+1.532400E+00,+10.050E-03,+40.201E-03
+1.534900E+00,+6.030E-03,+41.709E-03
+1.537400E+00,+6.030E-03,+41.206E-03
+1.539900E+00,+6.030E-03,+40.201E-03
+1.542400E+00,+2.010E-03,+38.191E-03
+1.544900E+00,+3.518E-03,+38.191E-03
+1.547400E+00,+2.010E-03,+38.191E-03
+1.549900E+00,+1.005E-03,+38.191E-03
+1.552400E+00,+0.0E+00,+36.181E-03
+1.554900E+00,-5.528E-03,+34.171E-03
+1.557400E+00,-5.025E-03,+34.171E-03
+1.559900E+00,-5.528E-03,+38.191E-03
+1.562400E+00,-8.040E-03,+32.161E-03
+1.564900E+00,-6.030E-03,+33.668E-03
+1.567400E+00,-9.045E-03,+33.166E-03
+1.569900E+00,-12.060E-03,+30.653E-03
+1.572400E+00,-12.060E-03,+30.151E-03
+1.574900E+00,-12.060E-03,+32.663E-03
+1.577400E+00,-13.065E-03,+26.131E-03
+1.579900E+00,-15.578E-03,+29.648E-03
+1.582400E+00,-18.090E-03,+26.131E-03
+1.584900E+00,-18.593E-03,+23.618E-03
+1.587400E+00,-18.090E-03,+25.126E-03
+1.589900E+00,-20.101E-03,+22.111E-03
+1.592400E+00,-20.101E-03,+22.111E-03
+1.594900E+00,-20.603E-03,+21.608E-03
+1.597400E+00,-23.116E-03,+19.095E-03
+1.599900E+00,-22.613E-03,+19.598E-03
+1.602400E+00,-22.111E-03,+18.090E-03
+1.604900E+00,-24.623E-03,+18.090E-03
+1.607400E+00,-26.131E-03,+17.085E-03
+1.609900E+00,-24.623E-03,+18.090E-03
+1.612400E+00,-26.131E-03,+14.070E-03
+1.614900E+00,-28.141E-03,+12.060E-03
+1.617400E+00,-27.136E-03,+7.035E-03
+1.619900E+00,-30.151E-03,+8.040E-03
+1.622400E+00,-32.161E-03,+10.050E-03
+1.624900E+00,-30.151E-03,+4.523E-03
+1.627400E+00,-32.161E-03,+4.020E-03
+1.629900E+00,-32.161E-03,+4.020E-03
+1.632400E+00,-36.181E-03,+2.010E-03
+1.634900E+00,-32.161E-03,+0.0E+00
+1.637400E+00,-33.166E-03,+1.005E-03
+1.639900E+00,-34.171E-03,-2.010E-03
+1.642400E+00,-36.181E-03,-2.010E-03
+1.644900E+00,-32.663E-03,-4.020E-03
+1.647400E+00,-36.181E-03,-6.030E-03
+1.649900E+00,-35.678E-03,-8.543E-03
+1.652400E+00,-36.181E-03,-14.070E-03
+1.654900E+00,-34.673E-03,-10.553E-03
+1.657400E+00,-37.186E-03,-12.060E-03
+1.659900E+00,-36.181E-03,-16.080E-03
+1.662400E+00,-34.171E-03,-18.090E-03
+1.664900E+00,-36.181E-03,-15.578E-03
+1.667400E+00,-30.151E-03,+13.065E-03
+1.669900E+00,-30.151E-03,+11.055E-03
+1.672400E+00,-28.141E-03,+10.050E-03
+1.674900E+00,-35.176E-03,+10.050E-03
+1.677400E+00,-31.156E-03,+8.040E-03
+1.679900E+00,-32.663E-03,+8.040E-03
+1.682400E+00,-36.181E-03,+2.010E-03
+1.684900E+00,-34.171E-03,+2.513E-03
+1.687400E+00,-33.166E-03,+3.015E-03
+1.689900E+00,-36.181E-03,-3.015E-03
+1.692400E+00,-36.181E-03,+0.0E+00
+1.694900E+00,-38.191E-03,-4.020E-03
+1.697400E+00,-38.191E-03,-5.025E-03
+1.699900E+00,-36.181E-03,-2.513E-03
+1.702400E+00,-40.201E-03,-6.030E-03
+1.704900E+00,-38.693E-03,-9.548E-03
+1.707400E+00,-38.191E-03,-10.050E-03
+1.709900E+00,-40.201E-03,-15.578E-03
+1.712400E+00,-40.201E-03,-14.070E-03
+1.714900E+00,-41.709E-03,-13.065E-03
+1.717400E+00,-40.201E-03,-19.095E-03
+1.719900E+00,-40.201E-03,-16.583E-03
+1.722400E+00,-40.201E-03,-20.101E-03
+1.724900E+00,-38.693E-03,-24.121E-03
+1.727400E+00,-41.206E-03,-23.116E-03
+1.729900E+00,-39.698E-03,-29.146E-03
+1.732400E+00,-40.201E-03,-28.141E-03
+1.734900E+00,-38.693E-03,-29.648E-03
+1.737400E+00,-39.196E-03,-33.166E-03
+1.739900E+00,-40.201E-03,-32.663E-03
+1.742400E+00,-40.201E-03,-32.161E-03
+1.744900E+00,-39.196E-03,-36.181E-03
+1.747400E+00,-37.186E-03,-36.181E-03
+1.749900E+00,-38.191E-03,-38.191E-03
+1.752400E+00,-36.181E-03,-40.201E-03
+1.754900E+00,-37.688E-03,-40.201E-03
+1.757400E+00,-37.186E-03,-46.231E-03
+1.759900E+00,-37.688E-03,-45.226E-03
+1.762400E+00,-36.181E-03,-46.231E-03
+1.764900E+00,-36.181E-03,-48.744E-03
+1.767400E+00,-34.171E-03,-49.246E-03
+1.769900E+00,-34.673E-03,-50.251E-03
+1.772400E+00,-32.161E-03,-58.291E-03
+1.774900E+00,-34.171E-03,-55.779E-03
+1.777400E+00,-33.166E-03,-57.286E-03
+1.779900E+00,-32.161E-03,-58.291E-03
+1.782400E+00,-32.161E-03,-60.302E-03
+1.784900E+00,-31.658E-03,-60.302E-03
+1.787400E+00,-29.146E-03,-64.322E-03
+1.789900E+00,-29.648E-03,-64.322E-03
+1.792400E+00,-26.131E-03,-64.322E-03
+1.794900E+00,-28.141E-03,-64.824E-03
+1.797400E+00,-27.136E-03,-67.337E-03
+1.799900E+00,-22.111E-03,-70.352E-03
+1.802400E+00,-24.121E-03,-70.352E-03
+1.804900E+00,-24.121E-03,-69.849E-03
+1.807400E+00,-20.101E-03,-73.367E-03
+1.809900E+00,-19.095E-03,-72.362E-03
+1.812400E+00,-22.111E-03,-72.362E-03
+1.814900E+00,-14.573E-03,-76.382E-03
+1.817400E+00,-18.090E-03,-76.382E-03
+1.819900E+00,-16.080E-03,-75.377E-03
+1.822400E+00,-14.070E-03,-78.392E-03
+1.824900E+00,-13.065E-03,-78.894E-03
+1.827400E+00,-11.055E-03,-82.412E-03
+1.829900E+00,-9.548E-03,-80.905E-03
+1.832400E+00,-8.040E-03,-78.392E-03
+1.834900E+00,-6.533E-03,-85.930E-03
+1.837400E+00,-6.030E-03,-84.422E-03
+1.839900E+00,-6.533E-03,-83.920E-03
+1.842400E+00,-4.020E-03,-82.412E-03
+1.844900E+00,-2.010E-03,-84.422E-03
+1.847400E+00,-3.015E-03,-85.427E-03
+1.849900E+00,-1.508E-03,-86.432E-03
+1.852400E+00,+0.0E+00,-88.442E-03
+1.854900E+00,+0.0E+00,-88.442E-03
+1.857400E+00,+5.025E-03,-87.437E-03
+1.859900E+00,+5.528E-03,-86.935E-03
+1.862400E+00,+12.060E-03,-88.442E-03
+1.864900E+00,+9.548E-03,-87.940E-03
+1.867400E+00,+9.045E-03,-88.442E-03
+1.869900E+00,+11.055E-03,-89.950E-03
+1.872400E+00,+12.060E-03,-90.452E-03
+1.874900E+00,+12.563E-03,-90.452E-03
+1.877400E+00,+18.090E-03,-90.452E-03
+1.879900E+00,+17.588E-03,-90.452E-03
+1.882400E+00,+18.090E-03,-88.442E-03
+1.884900E+00,+23.116E-03,-91.457E-03
+1.887400E+00,+21.106E-03,-90.452E-03
+1.889900E+00,+25.126E-03,-88.442E-03
+1.892400E+00,+28.141E-03,-90.452E-03
+1.894900E+00,+24.623E-03,-89.950E-03
+1.897400E+00,+29.146E-03,-88.442E-03
+1.899900E+00,+30.151E-03,-88.442E-03
+1.902400E+00,+30.151E-03,-90.452E-03
+1.904900E+00,+34.171E-03,-87.940E-03
+1.907400E+00,+34.171E-03,-88.442E-03
+1.909900E+00,+33.668E-03,-86.935E-03
+1.912400E+00,+38.191E-03,-88.442E-03
+1.914900E+00,+37.186E-03,-86.935E-03
+1.917400E+00,+37.186E-03,-86.432E-03
+1.919900E+00,+41.709E-03,-84.925E-03
+1.922400E+00,+42.211E-03,-84.422E-03
+1.924900E+00,+46.231E-03,-83.920E-03
+1.927400E+00,+45.226E-03,-83.417E-03
+1.929900E+00,+47.236E-03,-83.417E-03
+1.932400E+00,+48.241E-03,-82.412E-03
+1.934900E+00,+49.246E-03,-83.417E-03
+1.937400E+00,+50.251E-03,-84.422E-03
+1.939900E+00,+52.261E-03,-78.894E-03
+1.942400E+00,+52.261E-03,-80.402E-03
+1.944900E+00,+52.764E-03,-82.412E-03
+1.947400E+00,+56.281E-03,-78.392E-03
+1.949900E+00,+56.784E-03,-77.387E-03
+1.952400E+00,+58.291E-03,-76.382E-03
+1.954900E+00,+61.809E-03,-74.874E-03
+1.957400E+00,+60.302E-03,-74.372E-03
+1.959900E+00,+63.819E-03,-72.864E-03
+1.962400E+00,+66.332E-03,-72.362E-03
+1.964900E+00,+62.814E-03,-73.869E-03
+1.967400E+00,+69.347E-03,-71.357E-03
+1.969900E+00,+66.332E-03,-68.844E-03
+1.972400E+00,+64.322E-03,-68.342E-03
+1.974900E+00,+67.839E-03,-65.829E-03
+1.977400E+00,+69.347E-03,-67.337E-03
+1.979900E+00,+69.849E-03,-64.824E-03
+1.982400E+00,+72.362E-03,-64.322E-03
+1.984900E+00,+71.859E-03,-64.322E-03
+1.987400E+00,+74.372E-03,-57.286E-03
+1.989900E+00,+74.874E-03,-56.784E-03
+1.992400E+00,+74.372E-03,-60.302E-03
+1.994900E+00,+76.884E-03,-55.779E-03
+1.997400E+00,+75.377E-03,-53.266E-03
+1.999900E+00,+75.879E-03,-54.271E-03
+2.002400E+00,+80.402E-03,-50.251E-03
+2.004900E+00,+78.894E-03,-50.251E-03
+2.007400E+00,+78.392E-03,-50.251E-03
+2.009900E+00,+78.894E-03,-48.241E-03
+2.012400E+00,+80.402E-03,-44.221E-03
+2.014900E+00,+79.899E-03,-46.231E-03
+2.017400E+00,+82.412E-03,-42.211E-03
+2.019900E+00,+83.920E-03,-40.704E-03
+2.022400E+00,+84.422E-03,-42.211E-03
+2.024900E+00,+82.915E-03,-37.688E-03
+2.027400E+00,+84.422E-03,-39.196E-03
+2.029900E+00,+82.915E-03,-32.663E-03
+2.032400E+00,+84.422E-03,-34.171E-03
+2.034900E+00,+83.920E-03,-33.166E-03
+2.037400E+00,+85.427E-03,-30.151E-03
+2.039900E+00,+86.432E-03,-29.648E-03
+2.042400E+00,+84.422E-03,-30.151E-03
+2.044900E+00,+85.930E-03,-24.623E-03
+2.047400E+00,+86.432E-03,-24.121E-03
+2.049900E+00,+85.427E-03,-25.628E-03
+2.052400E+00,+84.422E-03,-20.101E-03
+2.054900E+00,+85.427E-03,-19.095E-03
+2.057400E+00,+87.437E-03,-15.075E-03
+2.059900E+00,+85.427E-03,-16.080E-03
+2.062400E+00,+86.432E-03,-16.080E-03
+2.064900E+00,+84.422E-03,-12.563E-03
+2.067400E+00,+83.417E-03,-10.050E-03
+2.069900E+00,+84.925E-03,-10.050E-03
+2.072400E+00,+84.422E-03,-6.030E-03
+2.074900E+00,+82.915E-03,-8.040E-03
+2.077400E+00,+82.412E-03,-7.035E-03
+2.079900E+00,+82.915E-03,-2.010E-03
+2.082400E+00,+86.432E-03,-0.0E+00
+2.084900E+00,+80.905E-03,+2.010E-03
+2.087400E+00,+81.407E-03,+1.005E-03
+2.089900E+00,+82.412E-03,+1.508E-03
+2.092400E+00,+80.402E-03,+8.040E-03
+2.094900E+00,+80.402E-03,+6.030E-03
+2.097400E+00,+78.392E-03,+6.030E-03
+2.099900E+00,+79.397E-03,+9.548E-03
+2.102400E+00,+78.392E-03,+10.050E-03
+2.104900E+00,+78.392E-03,+11.055E-03
+2.107400E+00,+75.377E-03,+13.065E-03
+2.109900E+00,+73.367E-03,+12.060E-03
+2.112400E+00,+78.392E-03,+16.080E-03
+2.114900E+00,+70.854E-03,+18.090E-03
+2.117400E+00,+72.362E-03,+16.080E-03
+2.119900E+00,+71.859E-03,+23.116E-03
+2.122400E+00,+72.362E-03,+24.121E-03
+2.124900E+00,+69.347E-03,+22.111E-03
+2.127400E+00,+67.337E-03,+25.126E-03
+2.129900E+00,+65.327E-03,+22.111E-03
+2.132400E+00,+68.342E-03,+28.141E-03
+2.134900E+00,+66.332E-03,+24.623E-03
+2.137400E+00,+65.327E-03,+27.136E-03
+2.139900E+00,+66.332E-03,+26.633E-03
+2.142400E+00,+62.312E-03,+34.171E-03
+2.144900E+00,+62.814E-03,+30.653E-03
+2.147400E+00,+61.307E-03,+31.156E-03
+2.149900E+00,+58.794E-03,+32.161E-03
+2.152400E+00,+62.312E-03,+32.161E-03
+2.154900E+00,+55.276E-03,+34.171E-03
+2.157400E+00,+55.276E-03,+37.186E-03
+2.159900E+00,+54.271E-03,+36.181E-03
+2.162400E+00,+50.251E-03,+34.171E-03
+2.164900E+00,+49.749E-03,+38.693E-03
+2.167400E+00,+50.251E-03,+38.191E-03
+2.169900E+00,+45.226E-03,+40.201E-03
+2.172400E+00,+48.241E-03,+38.191E-03
+2.174900E+00,+47.236E-03,+39.698E-03
+2.177400E+00,+43.216E-03,+42.211E-03
+2.179900E+00,+43.719E-03,+40.201E-03
+2.182400E+00,+38.191E-03,+40.201E-03
+2.184900E+00,+37.186E-03,+43.216E-03
+2.187400E+00,+38.191E-03,+42.211E-03
+2.189900E+00,+33.668E-03,+41.709E-03
+2.192400E+00,+36.181E-03,+44.221E-03
+2.194900E+00,+35.678E-03,+42.211E-03
+2.197400E+00,+31.156E-03,+42.211E-03
+2.199900E+00,+30.151E-03,+43.216E-03
+2.202400E+00,+32.161E-03,+46.231E-03
+2.204900E+00,+26.131E-03,+45.729E-03
+2.207400E+00,+27.136E-03,+42.211E-03
+2.209900E+00,+27.638E-03,+44.724E-03
+2.212400E+00,+22.111E-03,+46.231E-03
+2.214900E+00,+22.111E-03,+43.216E-03
+2.217400E+00,+18.090E-03,+43.216E-03
+2.219900E+00,+18.593E-03,+42.714E-03
+2.222400E+00,+18.090E-03,+44.221E-03
+2.224900E+00,+15.578E-03,+43.719E-03
+2.227400E+00,+15.075E-03,+43.216E-03
+2.229900E+00,+16.080E-03,+43.719E-03
+2.232400E+00,+10.050E-03,+44.221E-03
+2.234900E+00,+10.050E-03,+40.201E-03
+2.237400E+00,+10.050E-03,+42.211E-03
+2.239900E+00,+6.030E-03,+41.709E-03
+2.242400E+00,+6.030E-03,+42.211E-03
+2.244900E+00,+5.528E-03,+38.191E-03
+2.247400E+00,+2.010E-03,+40.201E-03
+2.249900E+00,+2.010E-03,+40.201E-03
+2.252400E+00,-2.010E-03,+36.181E-03
+2.254900E+00,+0.0E+00,+38.693E-03
+2.257400E+00,-1.005E-03,+37.186E-03
+2.259900E+00,-3.518E-03,+36.181E-03
+2.262400E+00,-6.030E-03,+34.171E-03
+2.264900E+00,-4.523E-03,+37.186E-03
+2.267400E+00,-8.040E-03,+32.161E-03
+2.269900E+00,-7.538E-03,+34.171E-03
+2.272400E+00,-8.040E-03,+34.171E-03
+2.274900E+00,-10.050E-03,+33.166E-03
+2.277400E+00,-12.060E-03,+30.151E-03
+2.279900E+00,-12.563E-03,+28.141E-03
+2.282400E+00,-14.070E-03,+28.141E-03
+2.284900E+00,-14.070E-03,+28.643E-03
+2.287400E+00,-18.090E-03,+27.136E-03
+2.289900E+00,-16.583E-03,+24.623E-03
+2.292400E+00,-20.101E-03,+26.131E-03
+2.294900E+00,-19.598E-03,+22.111E-03
+2.297400E+00,-20.101E-03,+23.116E-03
+2.299900E+00,-20.101E-03,+19.095E-03
+2.302400E+00,-24.121E-03,+20.101E-03
+2.304900E+00,-20.603E-03,+18.593E-03
+2.307400E+00,-22.111E-03,+19.095E-03
+2.309900E+00,-24.121E-03,+17.085E-03
+2.312400E+00,-26.131E-03,+16.080E-03
+2.314900E+00,-29.648E-03,+10.553E-03
+2.317400E+00,-26.131E-03,+12.060E-03
+2.319900E+00,-28.141E-03,+12.563E-03
+2.322400E+00,-30.151E-03,+6.030E-03
+2.324900E+00,-30.653E-03,+7.035E-03
+2.327400E+00,-30.151E-03,+8.040E-03
+2.329900E+00,-30.653E-03,+2.513E-03
+2.332400E+00,-32.161E-03,+2.010E-03
+2.334900E+00,-29.146E-03,+5.528E-03
+2.337400E+00,-33.166E-03,+1.005E-03
+2.339900E+00,-34.171E-03,+1.508E-03
+2.342400E+00,-32.161E-03,+4.020E-03
+2.344900E+00,-36.181E-03,-2.010E-03
+2.347400E+00,-34.171E-03,-5.025E-03
+2.349900E+00,-36.683E-03,-7.538E-03
+2.352400E+00,-34.171E-03,-8.040E-03
+2.354900E+00,-34.171E-03,-7.035E-03
+2.357400E+00,-36.181E-03,-11.055E-03
+2.359900E+00,-36.181E-03,-10.553E-03
+2.362400E+00,-36.181E-03,-12.060E-03
+2.364900E+00,-35.678E-03,-14.573E-03
+2.367400E+00,-38.191E-03,-16.080E-03
+2.369900E+00,-36.683E-03,-16.583E-03
+2.372400E+00,-28.141E-03,+10.050E-03
+2.374900E+00,-28.643E-03,+13.568E-03
+2.377400E+00,-30.151E-03,+11.055E-03
+2.379900E+00,-32.663E-03,+7.035E-03
+2.382400E+00,-32.161E-03,+6.030E-03
+2.384900E+00,-34.673E-03,+7.538E-03
+2.387400E+00,-35.176E-03,+5.025E-03
+2.389900E+00,-34.673E-03,+3.518E-03
+2.392400E+00,-36.181E-03,-2.010E-03
+2.394900E+00,-37.688E-03,-503E-06
+2.397400E+00,-37.186E-03,-1.005E-03
+2.399900E+00,-38.191E-03,-4.020E-03
+2.402400E+00,-38.191E-03,-4.020E-03
+2.404900E+00,-39.698E-03,-4.020E-03
+2.407400E+00,-39.196E-03,-9.045E-03
+2.409900E+00,-37.186E-03,-11.055E-03
+2.412400E+00,-38.191E-03,-8.040E-03
+2.414900E+00,-40.201E-03,-14.070E-03
+2.417400E+00,-39.196E-03,-14.070E-03
+2.419900E+00,-40.201E-03,-18.090E-03
+2.422400E+00,-38.191E-03,-18.090E-03
+2.424900E+00,-40.201E-03,-17.085E-03
+2.427400E+00,-41.206E-03,-24.121E-03
+2.429900E+00,-40.201E-03,-23.618E-03
+2.432400E+00,-40.201E-03,-22.111E-03
+2.434900E+00,-40.201E-03,-31.156E-03
+2.437400E+00,-42.211E-03,-29.146E-03
+2.439900E+00,-40.201E-03,-29.648E-03
+2.442400E+00,-40.201E-03,-34.171E-03
+2.444900E+00,-38.191E-03,-32.161E-03
+2.447400E+00,-39.196E-03,-34.171E-03
+2.449900E+00,-39.698E-03,-39.698E-03
+2.452400E+00,-40.201E-03,-38.191E-03
+2.454900E+00,-38.191E-03,-42.211E-03
+2.457400E+00,-38.191E-03,-41.206E-03
+2.459900E+00,-37.688E-03,-40.704E-03
+2.462400E+00,-36.181E-03,-46.231E-03
+2.464900E+00,-35.176E-03,-47.739E-03
+2.467400E+00,-37.186E-03,-45.226E-03
+2.469900E+00,-34.673E-03,-52.261E-03
+2.472400E+00,-34.171E-03,-48.241E-03
+2.474900E+00,-35.176E-03,-51.256E-03
+2.477400E+00,-32.161E-03,-55.276E-03
+2.479900E+00,-34.171E-03,-55.779E-03
+2.482400E+00,-30.151E-03,-54.271E-03
+2.484900E+00,-32.161E-03,-57.789E-03
+2.487400E+00,-31.156E-03,-58.291E-03
+2.489900E+00,-29.648E-03,-60.804E-03
+2.492400E+00,-28.141E-03,-62.312E-03
+2.494900E+00,-29.648E-03,-62.814E-03
+2.497400E+00,-25.126E-03,-66.332E-03
